Tournament Name,Event Name,Event Date,Team A Player 1,Team A Player 2,Team B Player 1,Team B Player 2,Winning Team,Team A Points Game 1,Team B Points Game 1,Team A Points Game 2,Team B Points Game 2,Team A Points Game 3,Team B Points Game 3,Team A Points Game 4,Team B Points Game 4
"Georgia Open at Life Time - Grand Slam Qualifier - $55,000",Womens Doubles Pro,09/20/20,Vivienne David,Lauren Stratman,Athena Trouillot,Michelle Esquivel,Athena Trouillot and Michelle Esquivel,8,11,12,14
"Georgia Open at Life Time - Grand Slam Qualifier - $55,000",Womens Doubles Pro,09/20/20,Athena Trouillot,Michelle Esquivel,Simone Jardim,Lucy Kovalova,Simone Jardim and Lucy Kovalova,6,11,2,11
"Georgia Open at Life Time - Grand Slam Qualifier - $55,000",Womens Doubles Pro,09/20/20,Bobbie Phoumy,Kim Kesner,Regina Franco,Sarah Ansboury,Regina Franco and Sarah Ansboury,5,11,2,11
"Georgia Open at Life Time - Grand Slam Qualifier - $55,000",Womens Doubles Pro,09/20/20,Regina Franco,Sarah Ansboury,Simone Jardim,Lucy Kovalova,Simone Jardim and Lucy Kovalova,9,11,7,11
"Georgia Open at Life Time - Grand Slam Qualifier - $55,000",Womens Doubles Pro,09/20/20,Simone Jardim,Lucy Kovalova,Jessie Irvine,Irina Tereschenko,Simone Jardim and Lucy Kovalova,13,11,11,7
"Georgia Open at Life Time - Grand Slam Qualifier - $55,000",Womens Doubles Pro,09/20/20,Jessie Irvine,Irina Tereschenko,Katie Dyer,Maggie Remynse,Jessie Irvine and Irina Tereschenko,11,6,11,1
"Georgia Open at Life Time - Grand Slam Qualifier - $55,000",Womens Doubles Pro,09/20/20,Megan Hall,Julie Johnson,Katie Dyer,Maggie Remynse,Katie Dyer and Maggie Remynse,2,11,2,11
"Georgia Open at Life Time - Grand Slam Qualifier - $55,000",Womens Doubles Pro,09/20/20,Jessie Irvine,Irina Tereschenko,Catherine Parenteau,Corrine Carr,Jessie Irvine and Irina Tereschenko,9,11,11,4,12,10
"Georgia Open at Life Time - Grand Slam Qualifier - $55,000",Womens Doubles Pro,09/20/20,Catherine Parenteau,Corrine Carr,Kasandra Gehrke,Katie Gaines,Catherine Parenteau and Corrine Carr,11,1,11,1
"Georgia Open at Life Time - Grand Slam Qualifier - $55,000",Womens Doubles Pro,09/20/20,Simone Jardim,Lucy Kovalova,Catherine Parenteau,Corrine Carr,Simone Jardim and Lucy Kovalova,11,8,11,9
"Georgia Open at Life Time - Grand Slam Qualifier - $55,000",Womens Doubles Pro,09/20/20,Vivienne David,Lauren Stratman,Megan Hall,Julie Johnson,Vivienne David and Lauren Stratman,15,4
"Georgia Open at Life Time - Grand Slam Qualifier - $55,000",Womens Doubles Pro,09/20/20,Catherine Parenteau,Corrine Carr,Regina Franco,Sarah Ansboury,Catherine Parenteau and Corrine Carr,15,13
"Georgia Open at Life Time - Grand Slam Qualifier - $55,000",Womens Doubles Pro,09/20/20,Vivienne David,Lauren Stratman,Regina Franco,Sarah Ansboury,Regina Franco and Sarah Ansboury,6,15
"Georgia Open at Life Time - Grand Slam Qualifier - $55,000",Womens Doubles Pro,09/20/20,Jessie Irvine,Irina Tereschenko,Catherine Parenteau,Corrine Carr,Catherine Parenteau and Corrine Carr,7,11,8,11
"Georgia Open at Life Time - Grand Slam Qualifier - $55,000",Womens Doubles Pro,09/20/20,Catherine Parenteau,Corrine Carr,Athena Trouillot,Michelle Esquivel,Catherine Parenteau and Corrine Carr,15,7
"Georgia Open at Life Time - Grand Slam Qualifier - $55,000",Womens Doubles Pro,09/20/20,Athena Trouillot,Michelle Esquivel,Katie Dyer,Maggie Remynse,Athena Trouillot and Michelle Esquivel,15,6
"Georgia Open at Life Time - Grand Slam Qualifier - $55,000",Womens Doubles Pro,09/20/20,Katie Dyer,Maggie Remynse,Kasandra Gehrke,Katie Gaines,Katie Dyer and Maggie Remynse,15,3
"Georgia Open at Life Time - Grand Slam Qualifier - $55,000",Womens Doubles Pro,09/20/20,Bobbie Phoumy,Kim Kesner,Kasandra Gehrke,Katie Gaines,Kasandra Gehrke and Katie Gaines,8,15
"Georgia Open at Life Time - Grand Slam Qualifier - $55,000",Mens Doubles Senior Pro,09/20/20,Dave Fleming,Mills Miller,Henry Ling,Brett Thomas,Dave Fleming and Mills Miller,11,0,11,3
"Georgia Open at Life Time - Grand Slam Qualifier - $55,000",Mens Doubles Senior Pro,09/20/20,Dave Fleming,Mills Miller,David Spearman,Dan Granot,David Spearman and Dan Granot,11,5,9,11,10,12
"Georgia Open at Life Time - Grand Slam Qualifier - $55,000",Mens Doubles Senior Pro,09/20/20,David Spearman,Dan Granot,Brian Poynter,John Moorin,David Spearman and Dan Granot,11,6,12,10
"Georgia Open at Life Time - Grand Slam Qualifier - $55,000",Mens Doubles Senior Pro,09/20/20,David Spearman,Dan Granot,Thunder Lopez,Steve Scurfield,Thunder Lopez and Steve Scurfield,7,11,9,11
"Georgia Open at Life Time - Grand Slam Qualifier - $55,000",Mens Doubles Senior Pro,09/20/20,Thunder Lopez,Steve Scurfield,Scott Barker,Paul Gallagher,Thunder Lopez and Steve Scurfield,11,8,11,4
"Georgia Open at Life Time - Grand Slam Qualifier - $55,000",Mens Doubles Senior Pro,09/20/20,Thunder Lopez,Steve Scurfield,Brent Waiwaiole,Joel Waiwaiole,Thunder Lopez and Steve Scurfield,11,6,11,5
"Georgia Open at Life Time - Grand Slam Qualifier - $55,000",Mens Doubles Senior Pro,09/20/20,Brent Waiwaiole,Joel Waiwaiole,Iggy Espinal,Wolfie Wolf,Brent Waiwaiole and Joel Waiwaiole,11,2,11,0
"Georgia Open at Life Time - Grand Slam Qualifier - $55,000",Mens Doubles Senior Pro,09/20/20,Thunder Lopez,Steve Scurfield,Scott Moore,Scott Crandall,Scott Moore and Scott Crandall,4,11,4,11
"Georgia Open at Life Time - Grand Slam Qualifier - $55,000",Mens Doubles Senior Pro,09/20/20,Scott Moore,Scott Crandall,Paul Olin,John Sperling,Scott Moore and Scott Crandall,11,9,11,9,13,15
"Georgia Open at Life Time - Grand Slam Qualifier - $55,000",Mens Doubles Senior Pro,09/20/20,Scott Moore,Scott Crandall,Jerry Meyer,John Hanna,Scott Moore and Scott Crandall,11,1,11,1
"Georgia Open at Life Time - Grand Slam Qualifier - $55,000",Mens Doubles Senior Pro,09/20/20,Scott Moore,Scott Crandall,Mircea Morariu,Squirrel Meyers-Sinett,Scott Moore and Scott Crandall,11,8,9,11,11,8
"Georgia Open at Life Time - Grand Slam Qualifier - $55,000",Mens Doubles Senior Pro,09/20/20,Mircea Morariu,Squirrel Meyers-Sinett,Big Country Jauschneg,Mark Napartovich,Mircea Morariu and Squirrel Meyers-Sinett,15,13,10,12,11,1
"Georgia Open at Life Time - Grand Slam Qualifier - $55,000",Mens Doubles Senior Pro,09/20/20,Scott Moore,Scott Crandall,Paul Olin,John Sperling,Scott Moore and Scott Crandall,11,8,9,11,11,6
"Georgia Open at Life Time - Grand Slam Qualifier - $55,000",Mens Doubles Senior Pro,09/20/20,Paul Olin,John Sperling,Douglas McClintock,Jim Hoggatt,Paul Olin and John Sperling,11,2,11,5
"Georgia Open at Life Time - Grand Slam Qualifier - $55,000",Mens Doubles Senior Pro,09/20/20,Paul Olin,John Sperling,Derk Pardoe,Mike Derr,Paul Olin and John Sperling,11,5,11,1
"Georgia Open at Life Time - Grand Slam Qualifier - $55,000",Mens Doubles Senior Pro,09/20/20,Derk Pardoe,Mike Derr,Tony Gottlieb,Steve Rose,Derk Pardoe and Mike Derr,11,9,11,2
"Georgia Open at Life Time - Grand Slam Qualifier - $55,000",Mens Doubles Senior Pro,09/20/20,Derk Pardoe,Mike Derr,Brian Poynter,John Moorin,Brian Poynter and John Moorin,6,15
"Georgia Open at Life Time - Grand Slam Qualifier - $55,000",Mens Doubles Senior Pro,09/20/20,Henry Ling,Brett Thomas,Brian Poynter,John Moorin,Brian Poynter and John Moorin,2,15
"Georgia Open at Life Time - Grand Slam Qualifier - $55,000",Mens Doubles Senior Pro,09/20/20,Brian Poynter,John Moorin,Mircea Morariu,Squirrel Meyers-Sinett,Brian Poynter and John Moorin,15,12
"Georgia Open at Life Time - Grand Slam Qualifier - $55,000",Mens Doubles Senior Pro,09/20/20,Brian Poynter,John Moorin,David Spearman,Dan Granot,David Spearman and Dan Granot,5,15
"Georgia Open at Life Time - Grand Slam Qualifier - $55,000",Mens Doubles Senior Pro,09/20/20,Mircea Morariu,Squirrel Meyers-Sinett,Scott Barker,Paul Gallagher,Mircea Morariu and Squirrel Meyers-Sinett,15,11
"Georgia Open at Life Time - Grand Slam Qualifier - $55,000",Mens Doubles Senior Pro,09/20/20,Scott Barker,Paul Gallagher,Iggy Espinal,Wolfie Wolf,Scott Barker and Paul Gallagher,15,10
"Georgia Open at Life Time - Grand Slam Qualifier - $55,000",Mens Doubles Senior Pro,09/20/20,Thunder Lopez,Steve Scurfield,Paul Olin,John Sperling,Paul Olin and John Sperling,4,11,1,11
"Georgia Open at Life Time - Grand Slam Qualifier - $55,000",Mens Doubles Senior Pro,09/20/20,David Spearman,Dan Granot,Paul Olin,John Sperling,Paul Olin and John Sperling,0,15
"Georgia Open at Life Time - Grand Slam Qualifier - $55,000",Mens Doubles Senior Pro,09/20/20,Brent Waiwaiole,Joel Waiwaiole,Big Country Jauschneg,Mark Napartovich,Brent Waiwaiole and Joel Waiwaiole,15,3
"Georgia Open at Life Time - Grand Slam Qualifier - $55,000",Mens Doubles Senior Pro,09/20/20,Jerry Meyer,John Hanna,Big Country Jauschneg,Mark Napartovich,Big Country Jauschneg and Mark Napartovich,7,15
"Georgia Open at Life Time - Grand Slam Qualifier - $55,000",Mens Doubles Senior Pro,09/20/20,Brent Waiwaiole,Joel Waiwaiole,Dave Fleming,Mills Miller,Brent Waiwaiole and Joel Waiwaiole,15,11
"Georgia Open at Life Time - Grand Slam Qualifier - $55,000",Mens Doubles Senior Pro,09/20/20,Brent Waiwaiole,Joel Waiwaiole,Paul Olin,John Sperling,Paul Olin and John Sperling,12,15
"Georgia Open at Life Time - Grand Slam Qualifier - $55,000",Mens Doubles Senior Pro,09/20/20,Dave Fleming,Mills Miller,Tony Gottlieb,Steve Rose,Dave Fleming and Mills Miller,15,4
"Georgia Open at Life Time - Grand Slam Qualifier - $55,000",Mens Doubles Senior Pro,09/20/20,Douglas McClintock,Jim Hoggatt,Tony Gottlieb,Steve Rose,Tony Gottlieb and Steve Rose,13,15
"Georgia Open at Life Time - Grand Slam Qualifier - $55,000",Mixed Doubles Pro,09/19/20,Athena Trouillot,The Unicorn JeanBaptiste-Webster,Megan Hall,Mick Ray,Athena Trouillot and The Unicorn JeanBaptiste-Webster,11,3,11,8
"Georgia Open at Life Time - Grand Slam Qualifier - $55,000",Mixed Doubles Pro,09/19/20,Athena Trouillot,The Unicorn JeanBaptiste-Webster,Simone Jardim,Ben Johns,Simone Jardim and Ben Johns,2,11,5,11
"Georgia Open at Life Time - Grand Slam Qualifier - $55,000",Mixed Doubles Pro,09/19/20,Simone Jardim,Ben Johns,Lauren Stratman,Dekel Bar,Simone Jardim and Ben Johns,11,2,11,3
"Georgia Open at Life Time - Grand Slam Qualifier - $55,000",Mixed Doubles Pro,09/19/20,Lauren Stratman,Dekel Bar,Yana Grechkina,Ben Newell,Lauren Stratman and Dekel Bar,11,5,11,4
"Georgia Open at Life Time - Grand Slam Qualifier - $55,000",Mixed Doubles Pro,09/19/20,Lauren Stratman,Dekel Bar,Callie Smith,Adam Stone,Lauren Stratman and Dekel Bar,5,11,11,3,11,4
"Georgia Open at Life Time - Grand Slam Qualifier - $55,000",Mixed Doubles Pro,09/19/20,Simone Jardim,Ben Johns,Irina Tereschenko,Patrick Smith,Simone Jardim and Ben Johns,11,5,11,1
"Georgia Open at Life Time - Grand Slam Qualifier - $55,000",Mixed Doubles Pro,09/19/20,Corrine Carr,Tyson McGuffin,Irina Tereschenko,Patrick Smith,Irina Tereschenko and Patrick Smith,7,11,4,11
"Georgia Open at Life Time - Grand Slam Qualifier - $55,000",Mixed Doubles Pro,09/19/20,Irina Tereschenko,Patrick Smith,Regina Franco,Johnny Goldberg,Irina Tereschenko and Patrick Smith,11,5,11,5
"Georgia Open at Life Time - Grand Slam Qualifier - $55,000",Mixed Doubles Pro,09/19/20,Irina Tereschenko,Patrick Smith,Vivienne David,Rob Nunnery,Irina Tereschenko and Patrick Smith,11,6,11,3
"Georgia Open at Life Time - Grand Slam Qualifier - $55,000",Mixed Doubles Pro,09/19/20,Kim Kesner,Ignacio De Elia,Vivienne David,Rob Nunnery,Vivienne David and Rob Nunnery,3,11,0,11
"Georgia Open at Life Time - Grand Slam Qualifier - $55,000",Mixed Doubles Pro,09/19/20,Vivienne David,Rob Nunnery,Michelle Esquivel,Tyler Loong,Vivienne David and Rob Nunnery,11,6,11,0
"Georgia Open at Life Time - Grand Slam Qualifier - $55,000",Mixed Doubles Pro,09/19/20,Simone Jardim,Ben Johns,Lucy Kovalova,Matt Wright,Simone Jardim and Ben Johns,12,10,11,9
"Georgia Open at Life Time - Grand Slam Qualifier - $55,000",Mixed Doubles Pro,09/19/20,Simone Jardim,Ben Johns,Lucy Kovalova,Matt Wright,Simone Jardim and Ben Johns,11,5,11,6
"Georgia Open at Life Time - Grand Slam Qualifier - $55,000",Mixed Doubles Pro,09/19/20,Catherine Parenteau,Steve Deakin,Bobbie Phoumy,Rob Davidson,Catherine Parenteau and Steve Deakin,11,3,11,1
"Georgia Open at Life Time - Grand Slam Qualifier - $55,000",Mixed Doubles Pro,09/19/20,Bobbie Phoumy,Rob Davidson,Olivia McMillan,Alex Fox,Bobbie Phoumy and Rob Davidson,11,1,11,5
"Georgia Open at Life Time - Grand Slam Qualifier - $55,000",Mixed Doubles Pro,09/19/20,Catherine Parenteau,Steve Deakin,Kasandra Gehrke,Zane Navratil,Kasandra Gehrke and Zane Navratil,2,11,11,7,8,11
"Georgia Open at Life Time - Grand Slam Qualifier - $55,000",Mixed Doubles Pro,09/19/20,Sarah Ansboury,Z Affleck,Kasandra Gehrke,Zane Navratil,Kasandra Gehrke and Zane Navratil,6,11,7,11
"Georgia Open at Life Time - Grand Slam Qualifier - $55,000",Mixed Doubles Pro,09/19/20,Kasandra Gehrke,Zane Navratil,Jessie Irvine,Jeffrey Warnick,Kasandra Gehrke and Zane Navratil,11,2,6,11,11,9
"Georgia Open at Life Time - Grand Slam Qualifier - $55,000",Mixed Doubles Pro,09/19/20,Kasandra Gehrke,Zane Navratil,Lucy Kovalova,Matt Wright,Lucy Kovalova and Matt Wright,6,11,3,11
"Georgia Open at Life Time - Grand Slam Qualifier - $55,000",Mixed Doubles Pro,09/19/20,Maggie Remynse,Joey Farias,Katie Dyer,Altaf Merchant,Maggie Remynse and Joey Farias,9,11,11,4,11,3
"Georgia Open at Life Time - Grand Slam Qualifier - $55,000",Mixed Doubles Pro,09/19/20,Katie Dyer,Altaf Merchant,Angela Simon,Z Wachholz,Katie Dyer and Altaf Merchant,11,4,11,3
"Georgia Open at Life Time - Grand Slam Qualifier - $55,000",Mixed Doubles Pro,09/19/20,Maggie Remynse,Joey Farias,Lucy Kovalova,Matt Wright,Lucy Kovalova and Matt Wright,5,11,10,12
"Georgia Open at Life Time - Grand Slam Qualifier - $55,000",Mixed Doubles Pro,09/19/20,Christee Chargot,Pickleball Mcnasty Manasse,Katie Gaines,Brad Tursky,Christee Chargot and Pickleball Mcnasty Manasse,8,11,11,5,11,8
"Georgia Open at Life Time - Grand Slam Qualifier - $55,000",Mixed Doubles Pro,09/19/20,Christee Chargot,Pickleball Mcnasty Manasse,Lucy Kovalova,Matt Wright,Lucy Kovalova and Matt Wright,1,11,6,11
"Georgia Open at Life Time - Grand Slam Qualifier - $55,000",Mixed Doubles Pro,09/19/20,Athena Trouillot,The Unicorn JeanBaptiste-Webster,Olivia McMillan,Alex Fox,Athena Trouillot and The Unicorn JeanBaptiste-Webster,15,11
"Georgia Open at Life Time - Grand Slam Qualifier - $55,000",Mixed Doubles Pro,09/19/20,Maggie Remynse,Joey Farias,Athena Trouillot,The Unicorn JeanBaptiste-Webster,Maggie Remynse and Joey Farias,15,3
"Georgia Open at Life Time - Grand Slam Qualifier - $55,000",Mixed Doubles Pro,09/19/20,Athena Trouillot,The Unicorn JeanBaptiste-Webster,Callie Smith,Adam Stone,Athena Trouillot and The Unicorn JeanBaptiste-Webster,15,9
"Georgia Open at Life Time - Grand Slam Qualifier - $55,000",Mixed Doubles Pro,09/19/20,Sarah Ansboury,Z Affleck,Callie Smith,Adam Stone,Callie Smith and Adam Stone,8,15
"Georgia Open at Life Time - Grand Slam Qualifier - $55,000",Mixed Doubles Pro,09/19/20,Irina Tereschenko,Patrick Smith,Catherine Parenteau,Steve Deakin,Catherine Parenteau and Steve Deakin,11,15
"Georgia Open at Life Time - Grand Slam Qualifier - $55,000",Mixed Doubles Pro,09/19/20,Maggie Remynse,Joey Farias,Catherine Parenteau,Steve Deakin,Catherine Parenteau and Steve Deakin,9,15
"Georgia Open at Life Time - Grand Slam Qualifier - $55,000",Mixed Doubles Pro,09/19/20,Angela Simon,Z Wachholz,Corrine Carr,Tyson McGuffin,Corrine Carr and Tyson McGuffin,2,15
"Georgia Open at Life Time - Grand Slam Qualifier - $55,000",Mixed Doubles Pro,09/19/20,Catherine Parenteau,Steve Deakin,Corrine Carr,Tyson McGuffin,Catherine Parenteau and Steve Deakin,15,11
"Georgia Open at Life Time - Grand Slam Qualifier - $55,000",Mixed Doubles Pro,09/19/20,Corrine Carr,Tyson McGuffin,Michelle Esquivel,Tyler Loong,Corrine Carr and Tyson McGuffin,15,9
"Georgia Open at Life Time - Grand Slam Qualifier - $55,000",Mixed Doubles Pro,09/19/20,Katie Gaines,Brad Tursky,Michelle Esquivel,Tyler Loong,Michelle Esquivel and Tyler Loong,1,15
"Georgia Open at Life Time - Grand Slam Qualifier - $55,000",Mixed Doubles Pro,09/19/20,Lucy Kovalova,Matt Wright,Catherine Parenteau,Steve Deakin,Lucy Kovalova and Matt Wright,11,6,12,10
"Georgia Open at Life Time - Grand Slam Qualifier - $55,000",Mixed Doubles Pro,09/19/20,Catherine Parenteau,Steve Deakin,Jessie Irvine,Jeffrey Warnick,Catherine Parenteau and Steve Deakin,15,10
"Georgia Open at Life Time - Grand Slam Qualifier - $55,000",Mixed Doubles Pro,09/19/20,Megan Hall,Mick Ray,Bobbie Phoumy,Rob Davidson,Bobbie Phoumy and Rob Davidson,5,15
"Georgia Open at Life Time - Grand Slam Qualifier - $55,000",Mixed Doubles Pro,09/19/20,Vivienne David,Rob Nunnery,Jessie Irvine,Jeffrey Warnick,Jessie Irvine and Jeffrey Warnick,4,15
"Georgia Open at Life Time - Grand Slam Qualifier - $55,000",Mixed Doubles Pro,09/19/20,Bobbie Phoumy,Rob Davidson,Jessie Irvine,Jeffrey Warnick,Jessie Irvine and Jeffrey Warnick,1,15
"Georgia Open at Life Time - Grand Slam Qualifier - $55,000",Mixed Doubles Pro,09/19/20,Yana Grechkina,Ben Newell,Jessie Irvine,Jeffrey Warnick,Jessie Irvine and Jeffrey Warnick,4,15
"Georgia Open at Life Time - Grand Slam Qualifier - $55,000",Mixed Doubles Pro,09/19/20,Kasandra Gehrke,Zane Navratil,Jessie Irvine,Jeffrey Warnick,Jessie Irvine and Jeffrey Warnick,15,17
"Georgia Open at Life Time - Grand Slam Qualifier - $55,000",Mixed Doubles Pro,09/19/20,Jessie Irvine,Jeffrey Warnick,Lauren Stratman,Dekel Bar,Jessie Irvine and Jeffrey Warnick,15,8
"Georgia Open at Life Time - Grand Slam Qualifier - $55,000",Mixed Doubles Pro,09/19/20,Regina Franco,Johnny Goldberg,Katie Dyer,Altaf Merchant,Regina Franco and Johnny Goldberg,15,13
"Georgia Open at Life Time - Grand Slam Qualifier - $55,000",Mixed Doubles Pro,09/19/20,Lauren Stratman,Dekel Bar,Regina Franco,Johnny Goldberg,Lauren Stratman and Dekel Bar,15,3
"Georgia Open at Life Time - Grand Slam Qualifier - $55,000",Mixed Doubles Pro,09/19/20,Regina Franco,Johnny Goldberg,Christee Chargot,Pickleball Mcnasty Manasse,Regina Franco and Johnny Goldberg,15,10
"Georgia Open at Life Time - Grand Slam Qualifier - $55,000",Mixed Doubles Pro,09/19/20,Kim Kesner,Ignacio De Elia,Christee Chargot,Pickleball Mcnasty Manasse,Christee Chargot and Pickleball Mcnasty Manasse,12,15
"Georgia Open at Life Time - Grand Slam Qualifier - $55,000",Mens Doubles Pro,09/20/20,Adam Stone,Dekel Bar,Kyle Baker,Hayes Brewer,Adam Stone and Dekel Bar,11,1,11,0
"Georgia Open at Life Time - Grand Slam Qualifier - $55,000",Mens Doubles Pro,09/20/20,Adam Stone,Dekel Bar,Rob Nunnery,Rafael Array,Adam Stone and Dekel Bar,11,4,11,8
"Georgia Open at Life Time - Grand Slam Qualifier - $55,000",Mens Doubles Pro,09/20/20,Rob Nunnery,Rafael Array,Chris Eastwood,Jw Johnson,Rob Nunnery and Rafael Array,11,9,11,5
"Georgia Open at Life Time - Grand Slam Qualifier - $55,000",Mens Doubles Pro,09/20/20,Adam Stone,Dekel Bar,Tyler Loong,Spencer Smith,Tyler Loong and Spencer Smith,5,11,7,11
"Georgia Open at Life Time - Grand Slam Qualifier - $55,000",Mens Doubles Pro,09/20/20,Tyler Loong,Spencer Smith,Stephen Preissler,Patricio Pereyra,Tyler Loong and Spencer Smith,11,2,11,1
"Georgia Open at Life Time - Grand Slam Qualifier - $55,000",Mens Doubles Pro,09/20/20,Tyler Loong,Spencer Smith,Alex Fox,Rafa Hewett,Tyler Loong and Spencer Smith,11,4,11,2
"Georgia Open at Life Time - Grand Slam Qualifier - $55,000",Mens Doubles Pro,09/20/20,Alex Fox,Rafa Hewett,Doug Kubach,Andy Perlman,Alex Fox and Rafa Hewett,11,8,11,6
"Georgia Open at Life Time - Grand Slam Qualifier - $55,000",Mens Doubles Pro,09/20/20,Tyler Loong,Spencer Smith,Tyson McGuffin,Riley Newman,Tyson McGuffin and Riley Newman,3,11,5,11
"Georgia Open at Life Time - Grand Slam Qualifier - $55,000",Mens Doubles Pro,09/20/20,Steve Deakin,Kyle Yates,Jason Garriotte,Peter Klingsheim,Steve Deakin and Kyle Yates,11,0,11,1
"Georgia Open at Life Time - Grand Slam Qualifier - $55,000",Mens Doubles Pro,09/20/20,Steve Deakin,Kyle Yates,Patrick Smith,Drake Bernstein,Steve Deakin and Kyle Yates,11,7,11,5
"Georgia Open at Life Time - Grand Slam Qualifier - $55,000",Mens Doubles Pro,09/20/20,Patrick Smith,Drake Bernstein,Vik Hundal,Davis Dawson,Patrick Smith and Drake Bernstein,11,0,11,0
"Georgia Open at Life Time - Grand Slam Qualifier - $55,000",Mens Doubles Pro,09/20/20,Steve Deakin,Kyle Yates,Tyson McGuffin,Riley Newman,Tyson McGuffin and Riley Newman,10,12,4,11,11,13
"Georgia Open at Life Time - Grand Slam Qualifier - $55,000",Mens Doubles Pro,09/20/20,Tyson McGuffin,Riley Newman,Chadwick Williams,Jay Lee,Tyson McGuffin and Riley Newman,11,1,11,1
"Georgia Open at Life Time - Grand Slam Qualifier - $55,000",Mens Doubles Pro,09/20/20,Tyson McGuffin,Riley Newman,Pickleball Mcnasty Manasse,Ryan Sherry,Tyson McGuffin and Riley Newman,11,1,11,1
"Georgia Open at Life Time - Grand Slam Qualifier - $55,000",Mens Doubles Pro,09/20/20,Pickleball Mcnasty Manasse,Ryan Sherry,Chad Cromwell,Javier Garrapiz,Pickleball Mcnasty Manasse and Ryan Sherry,11,4,11,8
"Georgia Open at Life Time - Grand Slam Qualifier - $55,000",Mens Doubles Pro,09/20/20,Tyson McGuffin,Riley Newman,Z Affleck,Collin Johns,Tyson McGuffin and Riley Newman,11,0,11,3
"Georgia Open at Life Time - Grand Slam Qualifier - $55,000",Mens Doubles Pro,09/20/20,Tyson McGuffin,Riley Newman,Ben Johns,Matt Wright,Tyson McGuffin and Riley Newman,11,9,5,11,11,9
"Georgia Open at Life Time - Grand Slam Qualifier - $55,000",Mens Doubles Pro,09/20/20,Ben Johns,Matt Wright,Mick Ray,Jay Campbell,Ben Johns and Matt Wright,11,2,11,4
"Georgia Open at Life Time - Grand Slam Qualifier - $55,000",Mens Doubles Pro,09/20/20,Andres Arana,Carlos Arana,Mick Ray,Jay Campbell,Mick Ray and Jay Campbell,3,11,0,11
"Georgia Open at Life Time - Grand Slam Qualifier - $55,000",Mens Doubles Pro,09/20/20,Ben Johns,Matt Wright,Jeffrey Warnick,Zane Navratil,Jeffrey Warnick and Zane Navratil,6,11,4,11
"Georgia Open at Life Time - Grand Slam Qualifier - $55,000",Mens Doubles Pro,09/20/20,Jeffrey Warnick,Zane Navratil,Mike Donnellan,Joshua Elliott,Jeffrey Warnick and Zane Navratil,11,3,11,0
"Georgia Open at Life Time - Grand Slam Qualifier - $55,000",Mens Doubles Pro,09/20/20,Jeffrey Warnick,Zane Navratil,Joey Farias,Rob Davidson,Jeffrey Warnick and Zane Navratil,11,7,11,3
"Georgia Open at Life Time - Grand Slam Qualifier - $55,000",Mens Doubles Pro,09/20/20,Joey Farias,Rob Davidson,John Davison,Johnny Goldberg,Joey Farias and Rob Davidson,11,6,9,11,11,2
"Georgia Open at Life Time - Grand Slam Qualifier - $55,000",Mens Doubles Pro,09/20/20,Jeffrey Warnick,Zane Navratil,Z Affleck,Collin Johns,Z Affleck and Collin Johns,4,11,10,12
"Georgia Open at Life Time - Grand Slam Qualifier - $55,000",Mens Doubles Pro,09/20/20,The Unicorn JeanBaptiste-Webster,Rob Cassidy,Lew Halski,Ike Kiro,The Unicorn JeanBaptiste-Webster and Rob Cassidy,11,4,11,1
"Georgia Open at Life Time - Grand Slam Qualifier - $55,000",Mens Doubles Pro,09/20/20,The Unicorn JeanBaptiste-Webster,Rob Cassidy,Dave Weinbach,Altaf Merchant,Dave Weinbach and Altaf Merchant,5,11,11,13
"Georgia Open at Life Time - Grand Slam Qualifier - $55,000",Mens Doubles Pro,09/20/20,Dave Weinbach,Altaf Merchant,Michael Werneke,Ignacio De Elia,Dave Weinbach and Altaf Merchant,11,4,11,2
"Georgia Open at Life Time - Grand Slam Qualifier - $55,000",Mens Doubles Pro,09/20/20,Dave Weinbach,Altaf Merchant,Z Affleck,Collin Johns,Z Affleck and Collin Johns,9,11,2,11
"Georgia Open at Life Time - Grand Slam Qualifier - $55,000",Mens Doubles Pro,09/20/20,Jonny Pickleball Andrews,Caden Nemoff,John Lawrence,Kevin Ye,Jonny Pickleball Andrews and Caden Nemoff,11,2,11,1
"Georgia Open at Life Time - Grand Slam Qualifier - $55,000",Mens Doubles Pro,09/20/20,Jonny Pickleball Andrews,Caden Nemoff,Z Affleck,Collin Johns,Z Affleck and Collin Johns,9,11,3,11
"Georgia Open at Life Time - Grand Slam Qualifier - $55,000",Mens Doubles Pro,09/20/20,Z Affleck,Collin Johns,Eric Gilbert,Brad Tursky,Z Affleck and Collin Johns,11,9,11,5
"Georgia Open at Life Time - Grand Slam Qualifier - $55,000",Mens Doubles Pro,09/20/20,Rob Nunnery,Rafael Array,Andres Arana,Carlos Arana,Rob Nunnery and Rafael Array,15,0
"Georgia Open at Life Time - Grand Slam Qualifier - $55,000",Mens Doubles Pro,09/20/20,Steve Deakin,Kyle Yates,Rob Nunnery,Rafael Array,Steve Deakin and Kyle Yates,15,4
"Georgia Open at Life Time - Grand Slam Qualifier - $55,000",Mens Doubles Pro,09/20/20,Rob Nunnery,Rafael Array,Mike Donnellan,Joshua Elliott,Rob Nunnery and Rafael Array,15,6
"Georgia Open at Life Time - Grand Slam Qualifier - $55,000",Mens Doubles Pro,09/20/20,Mike Donnellan,Joshua Elliott,John Davison,Johnny Goldberg,Mike Donnellan and Joshua Elliott,17,15
"Georgia Open at Life Time - Grand Slam Qualifier - $55,000",Mens Doubles Pro,09/20/20,Mike Donnellan,Joshua Elliott,Alex Fox,Rafa Hewett,Mike Donnellan and Joshua Elliott,15,3
"Georgia Open at Life Time - Grand Slam Qualifier - $55,000",Mens Doubles Pro,09/20/20,Jeffrey Warnick,Zane Navratil,Patrick Smith,Drake Bernstein,Jeffrey Warnick and Zane Navratil,15,8
"Georgia Open at Life Time - Grand Slam Qualifier - $55,000",Mens Doubles Pro,09/20/20,Steve Deakin,Kyle Yates,Patrick Smith,Drake Bernstein,Patrick Smith and Drake Bernstein,7,15
"Georgia Open at Life Time - Grand Slam Qualifier - $55,000",Mens Doubles Pro,09/20/20,Patrick Smith,Drake Bernstein,Michael Werneke,Ignacio De Elia,Patrick Smith and Drake Bernstein,15,7
"Georgia Open at Life Time - Grand Slam Qualifier - $55,000",Mens Doubles Pro,09/20/20,Lew Halski,Ike Kiro,Michael Werneke,Ignacio De Elia,Michael Werneke and Ignacio De Elia,17,19
"Georgia Open at Life Time - Grand Slam Qualifier - $55,000",Mens Doubles Pro,09/20/20,Adam Stone,Dekel Bar,Patrick Smith,Drake Bernstein,Patrick Smith and Drake Bernstein,10,15
"Georgia Open at Life Time - Grand Slam Qualifier - $55,000",Mens Doubles Pro,09/20/20,Patrick Smith,Drake Bernstein,Pickleball Mcnasty Manasse,Ryan Sherry,Patrick Smith and Drake Bernstein,15,2
"Georgia Open at Life Time - Grand Slam Qualifier - $55,000",Mens Doubles Pro,09/20/20,John Lawrence,Kevin Ye,Eric Gilbert,Brad Tursky,Eric Gilbert and Brad Tursky,4,15
"Georgia Open at Life Time - Grand Slam Qualifier - $55,000",Mens Doubles Pro,09/20/20,Eric Gilbert,Brad Tursky,Pickleball Mcnasty Manasse,Ryan Sherry,Pickleball Mcnasty Manasse and Ryan Sherry,8,15
"Georgia Open at Life Time - Grand Slam Qualifier - $55,000",Mens Doubles Pro,09/20/20,Z Affleck,Collin Johns,Ben Johns,Matt Wright,Ben Johns and Matt Wright,8,11,4,11
"Georgia Open at Life Time - Grand Slam Qualifier - $55,000",Mens Doubles Pro,09/20/20,Jeffrey Warnick,Zane Navratil,Ben Johns,Matt Wright,Ben Johns and Matt Wright,13,15
"Georgia Open at Life Time - Grand Slam Qualifier - $55,000",Mens Doubles Pro,09/20/20,Mick Ray,Jay Campbell,Chris Eastwood,Jw Johnson,Chris Eastwood and Jw Johnson,6,15
"Georgia Open at Life Time - Grand Slam Qualifier - $55,000",Mens Doubles Pro,09/20/20,Kyle Baker,Hayes Brewer,Chris Eastwood,Jw Johnson,Chris Eastwood and Jw Johnson,4,15
"Georgia Open at Life Time - Grand Slam Qualifier - $55,000",Mens Doubles Pro,09/20/20,Dave Weinbach,Altaf Merchant,Joey Farias,Rob Davidson,Dave Weinbach and Altaf Merchant,15,10
"Georgia Open at Life Time - Grand Slam Qualifier - $55,000",Mens Doubles Pro,09/20/20,Chris Eastwood,Jw Johnson,Joey Farias,Rob Davidson,Joey Farias and Rob Davidson,3,15
"Georgia Open at Life Time - Grand Slam Qualifier - $55,000",Mens Doubles Pro,09/20/20,Stephen Preissler,Patricio Pereyra,Doug Kubach,Andy Perlman,Stephen Preissler and Patricio Pereyra,15,3
"Georgia Open at Life Time - Grand Slam Qualifier - $55,000",Mens Doubles Pro,09/20/20,Stephen Preissler,Patricio Pereyra,Joey Farias,Rob Davidson,Joey Farias and Rob Davidson,7,15
"Georgia Open at Life Time - Grand Slam Qualifier - $55,000",Mens Doubles Pro,09/20/20,Tyler Loong,Spencer Smith,Ben Johns,Matt Wright,Ben Johns and Matt Wright,10,15
"Georgia Open at Life Time - Grand Slam Qualifier - $55,000",Mens Doubles Pro,09/20/20,Dave Weinbach,Altaf Merchant,Ben Johns,Matt Wright,Ben Johns and Matt Wright,13,15
"Georgia Open at Life Time - Grand Slam Qualifier - $55,000",Mens Doubles Pro,09/20/20,The Unicorn JeanBaptiste-Webster,Rob Cassidy,Jason Garriotte,Peter Klingsheim,The Unicorn JeanBaptiste-Webster and Rob Cassidy,15,6
"Georgia Open at Life Time - Grand Slam Qualifier - $55,000",Mens Doubles Pro,09/20/20,Jason Garriotte,Peter Klingsheim,Vik Hundal,Davis Dawson,Jason Garriotte and Peter Klingsheim,15,6
"Georgia Open at Life Time - Grand Slam Qualifier - $55,000",Mens Doubles Pro,09/20/20,Ben Johns,Matt Wright,The Unicorn JeanBaptiste-Webster,Rob Cassidy,Ben Johns and Matt Wright,15,9
"Georgia Open at Life Time - Grand Slam Qualifier - $55,000",Mens Doubles Pro,09/20/20,The Unicorn JeanBaptiste-Webster,Rob Cassidy,Jonny Pickleball Andrews,Caden Nemoff,The Unicorn JeanBaptiste-Webster and Rob Cassidy,15,3
"Georgia Open at Life Time - Grand Slam Qualifier - $55,000",Mens Doubles Pro,09/20/20,Chadwick Williams,Jay Lee,Chad Cromwell,Javier Garrapiz,Chadwick Williams and Jay Lee,16,14
"Georgia Open at Life Time - Grand Slam Qualifier - $55,000",Mens Doubles Pro,09/20/20,Chadwick Williams,Jay Lee,Jonny Pickleball Andrews,Caden Nemoff,Jonny Pickleball Andrews and Caden Nemoff,6,15
"Georgia Open at Life Time - Grand Slam Qualifier - $55,000",Womens Doubles Senior Pro,09/20/20,Eva Welsher,Kris Anderson,Christie Bradley,Sarah Mitten,Eva Welsher and Kris Anderson,11,6,11,3
"Georgia Open at Life Time - Grand Slam Qualifier - $55,000",Womens Doubles Senior Pro,09/20/20,Amy Yarbrough,Chris Karges,Christie Bradley,Sarah Mitten,Christie Bradley and Sarah Mitten,7,11,6,11
"Georgia Open at Life Time - Grand Slam Qualifier - $55,000",Womens Doubles Senior Pro,09/20/20,Eva Welsher,Kris Anderson,Helen Wilhelm,Tammy Patys,Eva Welsher and Kris Anderson,12,10,6,11,11,5
"Georgia Open at Life Time - Grand Slam Qualifier - $55,000",Womens Doubles Senior Pro,09/20/20,Linda Thompson,Leslie Bernard,Pam Gilbert,Sue Johnston,Linda Thompson and Leslie Bernard,11,2,11,4
"Georgia Open at Life Time - Grand Slam Qualifier - $55,000",Womens Doubles Senior Pro,09/20/20,Linda Thompson,Leslie Bernard,Helen Wilhelm,Tammy Patys,Helen Wilhelm and Tammy Patys,8,11,4,11
"Georgia Open at Life Time - Grand Slam Qualifier - $55,000",Womens Doubles Senior Pro,09/20/20,Helen Wilhelm,Tammy Patys,Pocket Doc Unnoppet,Leslie Bashinsky,Helen Wilhelm and Tammy Patys,11,3,11,4
"Georgia Open at Life Time - Grand Slam Qualifier - $55,000",Womens Doubles Senior Pro,09/20/20,Eva Welsher,Kris Anderson,Helen Wilhelm,Tammy Patys,Eva Welsher and Kris Anderson,10,12,11,5,11,6
"Georgia Open at Life Time - Grand Slam Qualifier - $55,000",Womens Doubles Senior Pro,09/20/20,Christie Bradley,Sarah Mitten,Pocket Doc Unnoppet,Leslie Bashinsky,Christie Bradley and Sarah Mitten,15,6
"Georgia Open at Life Time - Grand Slam Qualifier - $55,000",Womens Doubles Senior Pro,09/20/20,Pam Gilbert,Sue Johnston,Pocket Doc Unnoppet,Leslie Bashinsky,Pocket Doc Unnoppet and Leslie Bashinsky,12,15
"Georgia Open at Life Time - Grand Slam Qualifier - $55,000",Womens Doubles Senior Pro,09/20/20,Helen Wilhelm,Tammy Patys,Linda Thompson,Leslie Bernard,Helen Wilhelm and Tammy Patys,9,11,12,10,11,2
"Georgia Open at Life Time - Grand Slam Qualifier - $55,000",Womens Doubles Senior Pro,09/20/20,Christie Bradley,Sarah Mitten,Linda Thompson,Leslie Bernard,Linda Thompson and Leslie Bernard,4,15
"Georgia Open at Life Time - Grand Slam Qualifier - $55,000",Womens Doubles Senior Pro,09/20/20,Amy Yarbrough,Chris Karges,Linda Thompson,Leslie Bernard,Linda Thompson and Leslie Bernard,6,15
"Georgia Open at Life Time - Grand Slam Qualifier - $55,000",Mixed Doubles Senior Pro,09/19/20,Kris Anderson,Dave Weinbach,Chris Karges,Marcus Luke,Kris Anderson and Dave Weinbach,11,2,11,5
"Georgia Open at Life Time - Grand Slam Qualifier - $55,000",Mixed Doubles Senior Pro,09/19/20,Chris Karges,Marcus Luke,Christie Bradley,Brian Poynter,Chris Karges and Marcus Luke,9,11,11,6,11,4
"Georgia Open at Life Time - Grand Slam Qualifier - $55,000",Mixed Doubles Senior Pro,09/19/20,Kris Anderson,Dave Weinbach,Helen Wilhelm,Dave Fleming,Kris Anderson and Dave Weinbach,11,2,13,11
"Georgia Open at Life Time - Grand Slam Qualifier - $55,000",Mixed Doubles Senior Pro,09/19/20,Helen Wilhelm,Dave Fleming,Suzanne Bernstein,Douglas McClintock,Helen Wilhelm and Dave Fleming,11,2,11,1
"Georgia Open at Life Time - Grand Slam Qualifier - $55,000",Mixed Doubles Senior Pro,09/19/20,Helen Wilhelm,Dave Fleming,Sarah Mitten,John Sperling,Helen Wilhelm and Dave Fleming,11,5,10,12,11,3
"Georgia Open at Life Time - Grand Slam Qualifier - $55,000",Mixed Doubles Senior Pro,09/19/20,Amy Yarbrough,Thunder Lopez,Sarah Mitten,John Sperling,Sarah Mitten and John Sperling,4,11,6,11
"Georgia Open at Life Time - Grand Slam Qualifier - $55,000",Mixed Doubles Senior Pro,09/19/20,Kris Anderson,Dave Weinbach,Eva Welsher,Scott Moore,Kris Anderson and Dave Weinbach,11,7,11,0
"Georgia Open at Life Time - Grand Slam Qualifier - $55,000",Mixed Doubles Senior Pro,09/19/20,Kris Anderson,Dave Weinbach,Tammy Patys,Mills Miller,Kris Anderson and Dave Weinbach,11,3,11,1
"Georgia Open at Life Time - Grand Slam Qualifier - $55,000",Mixed Doubles Senior Pro,09/19/20,Tammy Patys,Mills Miller,Pocket Doc Unnoppet,Jarick Rager,Tammy Patys and Mills Miller,11,6,11,8
"Georgia Open at Life Time - Grand Slam Qualifier - $55,000",Mixed Doubles Senior Pro,09/19/20,Tammy Patys,Mills Miller,Linda Thompson,Paul Olin,Linda Thompson and Paul Olin,9,11,9,11
"Georgia Open at Life Time - Grand Slam Qualifier - $55,000",Mixed Doubles Senior Pro,09/19/20,Linda Thompson,Paul Olin,Sarah OBrien,Jon Pyle,Linda Thompson and Paul Olin,11,1,11,1
"Georgia Open at Life Time - Grand Slam Qualifier - $55,000",Mixed Doubles Senior Pro,09/19/20,Linda Thompson,Paul Olin,Eva Welsher,Scott Moore,Eva Welsher and Scott Moore,8,11,8,11
"Georgia Open at Life Time - Grand Slam Qualifier - $55,000",Mixed Doubles Senior Pro,09/19/20,Pam Gilbert,Mircea Morariu,Leslie Bernard,John Moorin,Pam Gilbert and Mircea Morariu,11,6,11,1
"Georgia Open at Life Time - Grand Slam Qualifier - $55,000",Mixed Doubles Senior Pro,09/19/20,Pam Gilbert,Mircea Morariu,Eva Welsher,Scott Moore,Eva Welsher and Scott Moore,10,12,11,3,6,11
"Georgia Open at Life Time - Grand Slam Qualifier - $55,000",Mixed Doubles Senior Pro,09/19/20,Chris Karges,Marcus Luke,Sarah OBrien,Jon Pyle,Chris Karges and Marcus Luke,15,5
"Georgia Open at Life Time - Grand Slam Qualifier - $55,000",Mixed Doubles Senior Pro,09/19/20,Pocket Doc Unnoppet,Jarick Rager,Sarah OBrien,Jon Pyle,Sarah OBrien and Jon Pyle,10,15
"Georgia Open at Life Time - Grand Slam Qualifier - $55,000",Mixed Doubles Senior Pro,09/19/20,Linda Thompson,Paul Olin,Sarah Mitten,John Sperling,Sarah Mitten and John Sperling,7,15
"Georgia Open at Life Time - Grand Slam Qualifier - $55,000",Mixed Doubles Senior Pro,09/19/20,Chris Karges,Marcus Luke,Sarah Mitten,John Sperling,Sarah Mitten and John Sperling,6,15
"Georgia Open at Life Time - Grand Slam Qualifier - $55,000",Mixed Doubles Senior Pro,09/19/20,Leslie Bernard,John Moorin,Sarah Mitten,John Sperling,Sarah Mitten and John Sperling,4,15
"Georgia Open at Life Time - Grand Slam Qualifier - $55,000",Mixed Doubles Senior Pro,09/19/20,Eva Welsher,Scott Moore,Tammy Patys,Mills Miller,Tammy Patys and Mills Miller,11,7,9,11,4,11
"Georgia Open at Life Time - Grand Slam Qualifier - $55,000",Mixed Doubles Senior Pro,09/19/20,Sarah Mitten,John Sperling,Tammy Patys,Mills Miller,Tammy Patys and Mills Miller,8,15
"Georgia Open at Life Time - Grand Slam Qualifier - $55,000",Mixed Doubles Senior Pro,09/19/20,Christie Bradley,Brian Poynter,Tammy Patys,Mills Miller,Tammy Patys and Mills Miller,5,15
"Georgia Open at Life Time - Grand Slam Qualifier - $55,000",Mixed Doubles Senior Pro,09/19/20,Helen Wilhelm,Dave Fleming,Tammy Patys,Mills Miller,Tammy Patys and Mills Miller,5,15
"Georgia Open at Life Time - Grand Slam Qualifier - $55,000",Mixed Doubles Senior Pro,09/19/20,Tammy Patys,Mills Miller,Pam Gilbert,Mircea Morariu,Tammy Patys and Mills Miller,15,8
"Georgia Open at Life Time - Grand Slam Qualifier - $55,000",Mixed Doubles Senior Pro,09/19/20,Suzanne Bernstein,Douglas McClintock,Amy Yarbrough,Thunder Lopez,Amy Yarbrough and Thunder Lopez,13,15
"Georgia Open at Life Time - Grand Slam Qualifier - $55,000",Mixed Doubles Senior Pro,09/19/20,Amy Yarbrough,Thunder Lopez,Pam Gilbert,Mircea Morariu,Pam Gilbert and Mircea Morariu,9,15
"PPA Championship - 150,000",Womens Doubles Pro,10/24/20,Simone Jardim,Lucy Kovalova,Christee Chargot,Andrea Rokicsak,Simone Jardim and Lucy Kovalova,11,0,11,0
"PPA Championship - 150,000",Womens Doubles Pro,10/24/20,Simone Jardim,Lucy Kovalova,Callie Smith,Michelle Esquivel,Simone Jardim and Lucy Kovalova,11,1,11,5
"PPA Championship - 150,000",Womens Doubles Pro,10/24/20,Callie Smith,Michelle Esquivel,Kasandra Gehrke,Kristen Bellows,Callie Smith and Michelle Esquivel,11,4,11,1
"PPA Championship - 150,000",Womens Doubles Pro,10/24/20,Simone Jardim,Lucy Kovalova,Jessie Irvine,Irina Tereschenko,Simone Jardim and Lucy Kovalova,9,11,11,8,11,9
"PPA Championship - 150,000",Womens Doubles Pro,10/24/20,Catherine Parenteau,Lauren Stratman,Belinda Zbinden,Michelle De la rosa,Catherine Parenteau and Lauren Stratman,11,2,11,7
"PPA Championship - 150,000",Womens Doubles Pro,10/24/20,Catherine Parenteau,Lauren Stratman,Jessie Irvine,Irina Tereschenko,Jessie Irvine and Irina Tereschenko,5,11,12,10,7,11
"PPA Championship - 150,000",Womens Doubles Pro,10/24/20,Jessie Irvine,Irina Tereschenko,Tracie DeJager-hale,Megan Charity,Jessie Irvine and Irina Tereschenko,11,2,11,1
"PPA Championship - 150,000",Womens Doubles Pro,10/24/20,Simone Jardim,Lucy Kovalova,Jessie Irvine,Irina Tereschenko,Simone Jardim and Lucy Kovalova,12,10,11,7
"PPA Championship - 150,000",Womens Doubles Pro,10/24/20,Catherine Parenteau,Lauren Stratman,Kasandra Gehrke,Kristen Bellows,Catherine Parenteau and Lauren Stratman,15,1
"PPA Championship - 150,000",Womens Doubles Pro,10/24/20,Christee Chargot,Andrea Rokicsak,Kasandra Gehrke,Kristen Bellows,Kasandra Gehrke and Kristen Bellows,12,15
"PPA Championship - 150,000",Womens Doubles Pro,10/24/20,Jessie Irvine,Irina Tereschenko,Catherine Parenteau,Lauren Stratman,Jessie Irvine and Irina Tereschenko,11,6,3,11,11,5
"PPA Championship - 150,000",Womens Doubles Pro,10/24/20,Catherine Parenteau,Lauren Stratman,Callie Smith,Michelle Esquivel,Catherine Parenteau and Lauren Stratman,15,11
"PPA Championship - 150,000",Womens Doubles Pro,10/24/20,Callie Smith,Michelle Esquivel,Tracie DeJager-hale,Megan Charity,Callie Smith and Michelle Esquivel,15,6
"PPA Championship - 150,000",Womens Doubles Pro,10/24/20,Belinda Zbinden,Michelle De la rosa,Tracie DeJager-hale,Megan Charity,Tracie DeJager-hale and Megan Charity,12,15
"PPA Championship - 150,000",Mens Doubles Senior Pro,10/24/20,Dan Granot,Mircea Morariu,Jimmy Lowe,Derk Pardoe,Dan Granot and Mircea Morariu,6,11,11,4,11,0
"PPA Championship - 150,000",Mens Doubles Senior Pro,10/24/20,Dan Granot,Mircea Morariu,Dave Weinbach,Scott Moore,Dave Weinbach and Scott Moore,6,11,4,11
"PPA Championship - 150,000",Mens Doubles Senior Pro,10/24/20,Jay Rippel,Glen Peterson,Perry Sanchez,John D Du,Jay Rippel and Glen Peterson,11,8,11,2
"PPA Championship - 150,000",Mens Doubles Senior Pro,10/24/20,Jay Rippel,Glen Peterson,Dave Weinbach,Scott Moore,Dave Weinbach and Scott Moore,5,11,4,11
"PPA Championship - 150,000",Mens Doubles Senior Pro,10/24/20,Dave Weinbach,Scott Moore,Kevin Booth,Steve Dawson,Dave Weinbach and Scott Moore,11,5,11,4
"PPA Championship - 150,000",Mens Doubles Senior Pro,10/24/20,Kevin Booth,Steve Dawson,John Moorin,Todd Robertson,Kevin Booth and Steve Dawson,11,8,11,1
"PPA Championship - 150,000",Mens Doubles Senior Pro,10/24/20,John Moorin,Todd Robertson,Dan Erickson,Kirk Lithun,John Moorin and Todd Robertson,11,7,11,2
"PPA Championship - 150,000",Mens Doubles Senior Pro,10/24/20,Kevin Booth,Steve Dawson,Mills Miller,Dayne Gingrich,Kevin Booth and Steve Dawson,11,0,6,11,11,2
"PPA Championship - 150,000",Mens Doubles Senior Pro,10/24/20,Wesley Jacobs,Brett Thomas,Steve Genzler,Matt Dimock,Steve Genzler and Matt Dimock,6,11,2,11
"PPA Championship - 150,000",Mens Doubles Senior Pro,10/24/20,Steve Genzler,Matt Dimock,Mills Miller,Dayne Gingrich,Mills Miller and Dayne Gingrich,0,11,5,11
"PPA Championship - 150,000",Mens Doubles Senior Pro,10/24/20,Dave Weinbach,Scott Moore,Thunder Lopez,Steve Scurfield,Thunder Lopez and Steve Scurfield,11,8,10,12,7,11
"PPA Championship - 150,000",Mens Doubles Senior Pro,10/24/20,Thunder Lopez,Steve Scurfield,Dave Weinbach,Scott Moore,Dave Weinbach and Scott Moore,11,7,11,13,5,11,9,15
"PPA Championship - 150,000",Mens Doubles Senior Pro,10/24/20,Hillbilly Spivey,Scott Crandall,Ken Lehman,Joe Frasca,Hillbilly Spivey and Scott Crandall,11,13,11,9,11,7
"PPA Championship - 150,000",Mens Doubles Senior Pro,10/24/20,Ken Lehman,Joe Frasca,Donnie Gallegos,Ian McPherson,Ken Lehman and Joe Frasca,11,5,2,11,11,4
"PPA Championship - 150,000",Mens Doubles Senior Pro,10/24/20,Hillbilly Spivey,Scott Crandall,Thunder Lopez,Steve Scurfield,Thunder Lopez and Steve Scurfield,6,11,5,11
"PPA Championship - 150,000",Mens Doubles Senior Pro,10/24/20,Scott Clayson,T$ Tollenaar,Nigel ORourke,Scott Fliegelman,Scott Clayson and T$ Tollenaar,11,9,8,11,11,4
"PPA Championship - 150,000",Mens Doubles Senior Pro,10/24/20,Scott Clayson,T$ Tollenaar,Thunder Lopez,Steve Scurfield,Thunder Lopez and Steve Scurfield,1,11,1,11
"PPA Championship - 150,000",Mens Doubles Senior Pro,10/24/20,Thunder Lopez,Steve Scurfield,Paul Olin,Dave Fleming,Thunder Lopez and Steve Scurfield,11,7,11,7
"PPA Championship - 150,000",Mens Doubles Senior Pro,10/24/20,Brent Waiwaiole,Joel Waiwaiole,Bill Muno,Brian Poynter,Brent Waiwaiole and Joel Waiwaiole,11,4,11,9
"PPA Championship - 150,000",Mens Doubles Senior Pro,10/24/20,Anthony King,Carl Schmits,Bill Muno,Brian Poynter,Bill Muno and Brian Poynter,2,11,5,11
"PPA Championship - 150,000",Mens Doubles Senior Pro,10/24/20,Brent Waiwaiole,Joel Waiwaiole,Paul Olin,Dave Fleming,Paul Olin and Dave Fleming,8,11,9,11
"PPA Championship - 150,000",Mens Doubles Senior Pro,10/24/20,Todd Murphy,Todd Gilbert,Bob Berlien,Tienr-X Nguyen,Todd Murphy and Todd Gilbert,11,1,7,11,11,5
"PPA Championship - 150,000",Mens Doubles Senior Pro,10/24/20,Todd Murphy,Todd Gilbert,Paul Olin,Dave Fleming,Paul Olin and Dave Fleming,11,6,8,11,8,11
"PPA Championship - 150,000",Mens Doubles Senior Pro,10/24/20,Donnie Gallegos,Ian McPherson,Jimmy Lowe,Derk Pardoe,Donnie Gallegos and Ian McPherson,15,9
"PPA Championship - 150,000",Mens Doubles Senior Pro,10/24/20,Brent Waiwaiole,Joel Waiwaiole,Jay Rippel,Glen Peterson,Brent Waiwaiole and Joel Waiwaiole,15,10
"PPA Championship - 150,000",Mens Doubles Senior Pro,10/24/20,Donnie Gallegos,Ian McPherson,Jay Rippel,Glen Peterson,Jay Rippel and Glen Peterson,11,15
"PPA Championship - 150,000",Mens Doubles Senior Pro,10/24/20,Nigel ORourke,Scott Fliegelman,Jay Rippel,Glen Peterson,Jay Rippel and Glen Peterson,11,15
"PPA Championship - 150,000",Mens Doubles Senior Pro,10/24/20,Kevin Booth,Steve Dawson,Hillbilly Spivey,Scott Crandall,Kevin Booth and Steve Dawson,15,4
"PPA Championship - 150,000",Mens Doubles Senior Pro,10/24/20,Brent Waiwaiole,Joel Waiwaiole,Hillbilly Spivey,Scott Crandall,Hillbilly Spivey and Scott Crandall,13,15
"PPA Championship - 150,000",Mens Doubles Senior Pro,10/24/20,Anthony King,Carl Schmits,John Moorin,Todd Robertson,John Moorin and Todd Robertson,1,15
"PPA Championship - 150,000",Mens Doubles Senior Pro,10/24/20,Hillbilly Spivey,Scott Crandall,Bob Berlien,Tienr-X Nguyen,Hillbilly Spivey and Scott Crandall,16,14
"PPA Championship - 150,000",Mens Doubles Senior Pro,10/24/20,John Moorin,Todd Robertson,Bob Berlien,Tienr-X Nguyen,Bob Berlien and Tienr-X Nguyen,6,15
"PPA Championship - 150,000",Mens Doubles Senior Pro,10/24/20,Bob Berlien,Tienr-X Nguyen,Steve Genzler,Matt Dimock,Bob Berlien and Tienr-X Nguyen,15,11
"PPA Championship - 150,000",Mens Doubles Senior Pro,10/24/20,Dave Weinbach,Scott Moore,Kevin Booth,Steve Dawson,Dave Weinbach and Scott Moore,7,11,11,7,11,5
"PPA Championship - 150,000",Mens Doubles Senior Pro,10/24/20,Kevin Booth,Steve Dawson,Paul Olin,Dave Fleming,Kevin Booth and Steve Dawson,15,8
"PPA Championship - 150,000",Mens Doubles Senior Pro,10/24/20,Mills Miller,Dayne Gingrich,Scott Clayson,T$ Tollenaar,Mills Miller and Dayne Gingrich,15,10
"PPA Championship - 150,000",Mens Doubles Senior Pro,10/24/20,Ken Lehman,Joe Frasca,Scott Clayson,T$ Tollenaar,Scott Clayson and T$ Tollenaar,7,15
"PPA Championship - 150,000",Mens Doubles Senior Pro,10/24/20,Perry Sanchez,John D Du,Scott Clayson,T$ Tollenaar,Scott Clayson and T$ Tollenaar,6,15
"PPA Championship - 150,000",Mens Doubles Senior Pro,10/24/20,Paul Olin,Dave Fleming,Dan Granot,Mircea Morariu,Paul Olin and Dave Fleming,15,7
"PPA Championship - 150,000",Mens Doubles Senior Pro,10/24/20,Mills Miller,Dayne Gingrich,Dan Granot,Mircea Morariu,Dan Granot and Mircea Morariu,6,15
"PPA Championship - 150,000",Mens Doubles Senior Pro,10/24/20,Dan Erickson,Kirk Lithun,Bill Muno,Brian Poynter,Bill Muno and Brian Poynter,9,15
"PPA Championship - 150,000",Mens Doubles Senior Pro,10/24/20,Dan Granot,Mircea Morariu,Todd Murphy,Todd Gilbert,Dan Granot and Mircea Morariu,15,5
"PPA Championship - 150,000",Mens Doubles Senior Pro,10/24/20,Bill Muno,Brian Poynter,Todd Murphy,Todd Gilbert,Todd Murphy and Todd Gilbert,4,15
"PPA Championship - 150,000",Mens Doubles Senior Pro,10/24/20,Wesley Jacobs,Brett Thomas,Todd Murphy,Todd Gilbert,Todd Murphy and Todd Gilbert,5,15
"PPA Championship - 150,000",Mixed Doubles Pro,10/25/20,Catherine Parenteau,Riley Newman,Kristen Bellows,Rob Nunnery,Catherine Parenteau and Riley Newman,11,2,11,1
"PPA Championship - 150,000",Mixed Doubles Pro,10/25/20,Kristen Bellows,Rob Nunnery,Jennifer Tavernier,Ryan Sherry,Kristen Bellows and Rob Nunnery,11,6,11,7
"PPA Championship - 150,000",Mixed Doubles Pro,10/25/20,Catherine Parenteau,Riley Newman,Irina Tereschenko,Erik Lange,Catherine Parenteau and Riley Newman,11,8,11,9
"PPA Championship - 150,000",Mixed Doubles Pro,10/25/20,Lee Whitwell,Rob Cassidy,Christee Chargot,Pickleball Mcnasty Manasse,Lee Whitwell and Rob Cassidy,11,6,11,1
"PPA Championship - 150,000",Mixed Doubles Pro,10/25/20,Lee Whitwell,Rob Cassidy,Irina Tereschenko,Erik Lange,Irina Tereschenko and Erik Lange,11,8,6,11,4,11
"PPA Championship - 150,000",Mixed Doubles Pro,10/25/20,Catherine Parenteau,Riley Newman,Simone Jardim,Ben Johns,Simone Jardim and Ben Johns,9,11,12,10,6,11
"PPA Championship - 150,000",Mixed Doubles Pro,10/25/20,Kasandra Gehrke,Zane Navratil,Tracie DeJager-hale,Randy Zbinden,Kasandra Gehrke and Zane Navratil,11,5,12,10
"PPA Championship - 150,000",Mixed Doubles Pro,10/25/20,Kasandra Gehrke,Zane Navratil,Lauren Stratman,Wesley Burrows,Kasandra Gehrke and Zane Navratil,11,5,9,11,11,4
"PPA Championship - 150,000",Mixed Doubles Pro,10/25/20,Lauren Stratman,Wesley Burrows,Andrea Rokicsak,Jason Garriotte,Lauren Stratman and Wesley Burrows,11,2,11,6
"PPA Championship - 150,000",Mixed Doubles Pro,10/25/20,Kasandra Gehrke,Zane Navratil,Simone Jardim,Ben Johns,Simone Jardim and Ben Johns,2,11,2,11
"PPA Championship - 150,000",Mixed Doubles Pro,10/25/20,Michelle De la rosa,Daniel De La Rosa,Jillian Braverman,Proposal Dave Velardo,Jillian Braverman and Proposal Dave Velardo,6,11,3,11
"PPA Championship - 150,000",Mixed Doubles Pro,10/25/20,Jillian Braverman,Proposal Dave Velardo,Simone Jardim,Ben Johns,Simone Jardim and Ben Johns,0,11,5,11
"PPA Championship - 150,000",Mixed Doubles Pro,10/25/20,Simone Jardim,Ben Johns,Jessie Irvine,Jeffrey Warnick,Simone Jardim and Ben Johns,11,4,11,9
"PPA Championship - 150,000",Mixed Doubles Pro,10/25/20,Simone Jardim,Ben Johns,Jessie Irvine,Jeffrey Warnick,Simone Jardim and Ben Johns,14,12,11,6
"PPA Championship - 150,000",Mixed Doubles Pro,10/25/20,Lucy Kovalova,Matt Wright,Susannah Barr,Spencer Smith,Lucy Kovalova and Matt Wright,11,9,11,9
"PPA Championship - 150,000",Mixed Doubles Pro,10/25/20,Susannah Barr,Spencer Smith,Megan Charity,Matt Goebel,Susannah Barr and Spencer Smith,11,8,11,6
"PPA Championship - 150,000",Mixed Doubles Pro,10/25/20,Lucy Kovalova,Matt Wright,Michelle Esquivel,Tyler Loong,Michelle Esquivel and Tyler Loong,11,13,7,11
"PPA Championship - 150,000",Mixed Doubles Pro,10/25/20,Michelle Esquivel,Tyler Loong,Danelle Readinger,Hercilio Cabieses,Michelle Esquivel and Tyler Loong,11,2,11,1
"PPA Championship - 150,000",Mixed Doubles Pro,10/25/20,Michelle Esquivel,Tyler Loong,Gee Gee Garvin,Callan Dawson,Michelle Esquivel and Tyler Loong,11,5,11,5
"PPA Championship - 150,000",Mixed Doubles Pro,10/25/20,Gee Gee Garvin,Callan Dawson,Natalie Hill,Elias Lelli,Gee Gee Garvin and Callan Dawson,12,10,11,7
"PPA Championship - 150,000",Mixed Doubles Pro,10/25/20,Michelle Esquivel,Tyler Loong,Jessie Irvine,Jeffrey Warnick,Jessie Irvine and Jeffrey Warnick,9,11,1,11
"PPA Championship - 150,000",Mixed Doubles Pro,10/25/20,Vivienne David,Dekel Bar,Rachel Chai-Wise,Phillip Locklear,Vivienne David and Dekel Bar,11,5,11,4
"PPA Championship - 150,000",Mixed Doubles Pro,10/25/20,Vivienne David,Dekel Bar,Kelli Berg,Aaron Donofrio,Vivienne David and Dekel Bar,11,4,11,3
"PPA Championship - 150,000",Mixed Doubles Pro,10/25/20,Rachel Oxenden,Altaf Merchant,Kelli Berg,Aaron Donofrio,Kelli Berg and Aaron Donofrio,11,6,5,11,5,11
"PPA Championship - 150,000",Mixed Doubles Pro,10/25/20,Vivienne David,Dekel Bar,Jessie Irvine,Jeffrey Warnick,Jessie Irvine and Jeffrey Warnick,2,11,1,11
"PPA Championship - 150,000",Mixed Doubles Pro,10/25/20,Belinda Zbinden,The Unicorn JeanBaptiste-Webster,Monica Paolicelli,Jonny Pickleball Andrews,Belinda Zbinden and The Unicorn JeanBaptiste-Webster,11,1,9,11,11,5
"PPA Championship - 150,000",Mixed Doubles Pro,10/25/20,Belinda Zbinden,The Unicorn JeanBaptiste-Webster,Jessie Irvine,Jeffrey Warnick,Jessie Irvine and Jeffrey Warnick,3,11,4,11
"PPA Championship - 150,000",Mixed Doubles Pro,10/25/20,Michelle De la rosa,Daniel De La Rosa,Belinda Zbinden,The Unicorn JeanBaptiste-Webster,Belinda Zbinden and The Unicorn JeanBaptiste-Webster,6,15
"PPA Championship - 150,000",Mixed Doubles Pro,10/25/20,Irina Tereschenko,Erik Lange,Belinda Zbinden,The Unicorn JeanBaptiste-Webster,Irina Tereschenko and Erik Lange,15,12
"PPA Championship - 150,000",Mixed Doubles Pro,10/25/20,Belinda Zbinden,The Unicorn JeanBaptiste-Webster,Kelli Berg,Aaron Donofrio,Belinda Zbinden and The Unicorn JeanBaptiste-Webster,15,2
"PPA Championship - 150,000",Mixed Doubles Pro,10/25/20,Tracie DeJager-hale,Randy Zbinden,Andrea Rokicsak,Jason Garriotte,Tracie DeJager-hale and Randy Zbinden,15,2
"PPA Championship - 150,000",Mixed Doubles Pro,10/25/20,Tracie DeJager-hale,Randy Zbinden,Kelli Berg,Aaron Donofrio,Kelli Berg and Aaron Donofrio,12,15
"PPA Championship - 150,000",Mixed Doubles Pro,10/25/20,Michelle Esquivel,Tyler Loong,Irina Tereschenko,Erik Lange,Michelle Esquivel and Tyler Loong,16,14
"PPA Championship - 150,000",Mixed Doubles Pro,10/25/20,Irina Tereschenko,Erik Lange,Susannah Barr,Spencer Smith,Irina Tereschenko and Erik Lange,15,5
"PPA Championship - 150,000",Mixed Doubles Pro,10/25/20,Christee Chargot,Pickleball Mcnasty Manasse,Gee Gee Garvin,Callan Dawson,Gee Gee Garvin and Callan Dawson,4,15
"PPA Championship - 150,000",Mixed Doubles Pro,10/25/20,Kasandra Gehrke,Zane Navratil,Susannah Barr,Spencer Smith,Susannah Barr and Spencer Smith,3,15
"PPA Championship - 150,000",Mixed Doubles Pro,10/25/20,Gee Gee Garvin,Callan Dawson,Susannah Barr,Spencer Smith,Susannah Barr and Spencer Smith,13,15
"PPA Championship - 150,000",Mixed Doubles Pro,10/25/20,Jennifer Tavernier,Ryan Sherry,Susannah Barr,Spencer Smith,Susannah Barr and Spencer Smith,6,15
"PPA Championship - 150,000",Mixed Doubles Pro,10/25/20,Jessie Irvine,Jeffrey Warnick,Catherine Parenteau,Riley Newman,Jessie Irvine and Jeffrey Warnick,11,9,4,11,11,9
"PPA Championship - 150,000",Mixed Doubles Pro,10/25/20,Michelle Esquivel,Tyler Loong,Catherine Parenteau,Riley Newman,Catherine Parenteau and Riley Newman,9,15
"PPA Championship - 150,000",Mixed Doubles Pro,10/25/20,Monica Paolicelli,Jonny Pickleball Andrews,Jillian Braverman,Proposal Dave Velardo,Jillian Braverman and Proposal Dave Velardo,3,15
"PPA Championship - 150,000",Mixed Doubles Pro,10/25/20,Lucy Kovalova,Matt Wright,Lauren Stratman,Wesley Burrows,Lucy Kovalova and Matt Wright,15,12
"PPA Championship - 150,000",Mixed Doubles Pro,10/25/20,Jillian Braverman,Proposal Dave Velardo,Lauren Stratman,Wesley Burrows,Lauren Stratman and Wesley Burrows,5,15
"PPA Championship - 150,000",Mixed Doubles Pro,10/25/20,Rachel Chai-Wise,Phillip Locklear,Rachel Oxenden,Altaf Merchant,Rachel Oxenden and Altaf Merchant,11,15
"PPA Championship - 150,000",Mixed Doubles Pro,10/25/20,Rachel Oxenden,Altaf Merchant,Lauren Stratman,Wesley Burrows,Lauren Stratman and Wesley Burrows,5,15
"PPA Championship - 150,000",Mixed Doubles Pro,10/25/20,Catherine Parenteau,Riley Newman,Vivienne David,Dekel Bar,Catherine Parenteau and Riley Newman,15,4
"PPA Championship - 150,000",Mixed Doubles Pro,10/25/20,Lucy Kovalova,Matt Wright,Vivienne David,Dekel Bar,Vivienne David and Dekel Bar,7,15
"PPA Championship - 150,000",Mixed Doubles Pro,10/25/20,Danelle Readinger,Hercilio Cabieses,Natalie Hill,Elias Lelli,Danelle Readinger and Hercilio Cabieses,15,7
"PPA Championship - 150,000",Mixed Doubles Pro,10/25/20,Danelle Readinger,Hercilio Cabieses,Lee Whitwell,Rob Cassidy,Lee Whitwell and Rob Cassidy,8,15
"PPA Championship - 150,000",Mixed Doubles Pro,10/25/20,Vivienne David,Dekel Bar,Lee Whitwell,Rob Cassidy,Vivienne David and Dekel Bar,15,11
"PPA Championship - 150,000",Mixed Doubles Pro,10/25/20,Lee Whitwell,Rob Cassidy,Kristen Bellows,Rob Nunnery,Lee Whitwell and Rob Cassidy,15,8
"PPA Championship - 150,000",Mixed Doubles Pro,10/25/20,Megan Charity,Matt Goebel,Kristen Bellows,Rob Nunnery,Kristen Bellows and Rob Nunnery,6,15
"PPA Championship - 150,000",Mens Doubles Pro,10/24/20,Ben Johns,Matt Wright,Julian Illingworth,Stefan Andren,Ben Johns and Matt Wright,11,2,11,2
"PPA Championship - 150,000",Mens Doubles Pro,10/24/20,Trevor Short,Trenton Alenik,Julian Illingworth,Stefan Andren,Julian Illingworth and Stefan Andren,4,11,6,11
"PPA Championship - 150,000",Mens Doubles Pro,10/24/20,Ben Johns,Matt Wright,Ryan Sherry,Pickleball Mcnasty Manasse,Ben Johns and Matt Wright,11,6,11,2
"PPA Championship - 150,000",Mens Doubles Pro,10/24/20,Ryan Sherry,Pickleball Mcnasty Manasse,Hugh Zbinden,Derek Shearer,Ryan Sherry and Pickleball Mcnasty Manasse,11,8,11,8
"PPA Championship - 150,000",Mens Doubles Pro,10/24/20,Ben Johns,Matt Wright,Erik Lange,Tyler Loong,Erik Lange and Tyler Loong,6,11,11,2,2,11
"PPA Championship - 150,000",Mens Doubles Pro,10/24/20,Proposal Dave Velardo,DJ Young,Hercilio Cabieses,Patricio Pereyra,Proposal Dave Velardo and DJ Young,11,4,11,5
"PPA Championship - 150,000",Mens Doubles Pro,10/24/20,Proposal Dave Velardo,DJ Young,Erik Lange,Tyler Loong,Erik Lange and Tyler Loong,6,11,11,8,3,11
"PPA Championship - 150,000",Mens Doubles Pro,10/24/20,Mick Ray,Mike Ray,Erik Lange,Tyler Loong,Erik Lange and Tyler Loong,3,11,4,11
"PPA Championship - 150,000",Mens Doubles Pro,10/24/20,Erik Lange,Tyler Loong,Jeffrey Warnick,Callan Dawson,Jeffrey Warnick and Callan Dawson,12,10,9,11,9,11
"PPA Championship - 150,000",Mens Doubles Pro,10/24/20,Joey Farias,Rob Nunnery,Raymond Chang,Jeff Lacy,Joey Farias and Rob Nunnery,11,6,11,5
"PPA Championship - 150,000",Mens Doubles Pro,10/24/20,Joey Farias,Rob Nunnery,Chuck Taylor,Spencer Smith,Joey Farias and Rob Nunnery,11,3,11,9
"PPA Championship - 150,000",Mens Doubles Pro,10/24/20,Pesa Teoni,Nick Garza,Chuck Taylor,Spencer Smith,Chuck Taylor and Spencer Smith,3,11,4,11
"PPA Championship - 150,000",Mens Doubles Pro,10/24/20,Joey Farias,Rob Nunnery,Jeffrey Warnick,Callan Dawson,Jeffrey Warnick and Callan Dawson,15,17,11,5,9,11
"PPA Championship - 150,000",Mens Doubles Pro,10/24/20,Jonny Pickleball Andrews,Caden Nemoff,Ryan Rupe,Trevor Rupe,Jonny Pickleball Andrews and Caden Nemoff,11,8,13,11
"PPA Championship - 150,000",Mens Doubles Pro,10/24/20,Jonny Pickleball Andrews,Caden Nemoff,Jeffrey Warnick,Callan Dawson,Jeffrey Warnick and Callan Dawson,6,11,6,11
"PPA Championship - 150,000",Mens Doubles Pro,10/24/20,Brian ONeal,Sea-Bird Ridky,Jeffrey Warnick,Callan Dawson,Jeffrey Warnick and Callan Dawson,2,11,0,11
"PPA Championship - 150,000",Mens Doubles Pro,10/24/20,Matt Goebel,Collin Johns,Mark Windes,Sam Benham,Matt Goebel and Collin Johns,11,3,11,6
"PPA Championship - 150,000",Mens Doubles Pro,10/24/20,Matt Goebel,Collin Johns,AJ Koller,Thomas Wilson,Matt Goebel and Collin Johns,11,0,9,11,11,2
"PPA Championship - 150,000",Mens Doubles Pro,10/24/20,Matt Staub,Randy Zbinden,AJ Koller,Thomas Wilson,AJ Koller and Thomas Wilson,0,11,0,11
"PPA Championship - 150,000",Mens Doubles Pro,10/24/20,Matt Goebel,Collin Johns,The Unicorn JeanBaptiste-Webster,Rob Cassidy,Matt Goebel and Collin Johns,7,11,11,3,11,3
"PPA Championship - 150,000",Mens Doubles Pro,10/24/20,The Unicorn JeanBaptiste-Webster,Rob Cassidy,Philip Lamoreaux,Austin Gridley,The Unicorn JeanBaptiste-Webster and Rob Cassidy,11,9,11,6
"PPA Championship - 150,000",Mens Doubles Pro,10/24/20,The Unicorn JeanBaptiste-Webster,Rob Cassidy,Hendry Winarto,Z Affleck,The Unicorn JeanBaptiste-Webster and Rob Cassidy,11,6,11,4
"PPA Championship - 150,000",Mens Doubles Pro,10/24/20,Brian Foley,Brendan McClain,Hendry Winarto,Z Affleck,Hendry Winarto and Z Affleck,4,11,1,11
"PPA Championship - 150,000",Mens Doubles Pro,10/24/20,Matt Goebel,Collin Johns,Adam Stone,Dekel Bar,Adam Stone and Dekel Bar,3,11,8,11
"PPA Championship - 150,000",Mens Doubles Pro,10/24/20,Altaf Merchant,Zane Navratil,Jason Garriotte,Chad Isaacs,Altaf Merchant and Zane Navratil,11,1,11,1
"PPA Championship - 150,000",Mens Doubles Pro,10/24/20,Altaf Merchant,Zane Navratil,Kyle McKenzie,Alex Fox,Altaf Merchant and Zane Navratil,11,1,11,9
"PPA Championship - 150,000",Mens Doubles Pro,10/24/20,Kyle McKenzie,Alex Fox,Riley Newman,Randall Emmett,Kyle McKenzie and Alex Fox,11,3,11,2
"PPA Championship - 150,000",Mens Doubles Pro,10/24/20,Altaf Merchant,Zane Navratil,Adam Stone,Dekel Bar,Adam Stone and Dekel Bar,5,11,7,11
"PPA Championship - 150,000",Mens Doubles Pro,10/24/20,Elias Lelli,Daniel De La Rosa,Wesley Burrows,Aaron Donofrio,Elias Lelli and Daniel De La Rosa,11,7,11,7
"PPA Championship - 150,000",Mens Doubles Pro,10/24/20,Elias Lelli,Daniel De La Rosa,Adam Stone,Dekel Bar,Adam Stone and Dekel Bar,6,11,4,11
"PPA Championship - 150,000",Mens Doubles Pro,10/24/20,Dylan Helton,Reggie Renner,Ryan Gilbert,Eric Gilbert,Ryan Gilbert and Eric Gilbert,12,10,9,11,3,11
"PPA Championship - 150,000",Mens Doubles Pro,10/24/20,Ryan Gilbert,Eric Gilbert,Adam Stone,Dekel Bar,Adam Stone and Dekel Bar,2,11,7,11
"PPA Championship - 150,000",Mens Doubles Pro,10/24/20,Trevor Short,Trenton Alenik,Ryan Gilbert,Eric Gilbert,Ryan Gilbert and Eric Gilbert,8,15
"PPA Championship - 150,000",Mens Doubles Pro,10/24/20,Ryan Gilbert,Eric Gilbert,Wesley Burrows,Aaron Donofrio,Wesley Burrows and Aaron Donofrio,9,15
"PPA Championship - 150,000",Mens Doubles Pro,10/24/20,Wesley Burrows,Aaron Donofrio,Jonny Pickleball Andrews,Caden Nemoff,Wesley Burrows and Aaron Donofrio,15,6
"PPA Championship - 150,000",Mens Doubles Pro,10/24/20,Wesley Burrows,Aaron Donofrio,Chuck Taylor,Spencer Smith,Wesley Burrows and Aaron Donofrio,15,10
"PPA Championship - 150,000",Mens Doubles Pro,10/24/20,Wesley Burrows,Aaron Donofrio,Altaf Merchant,Zane Navratil,Altaf Merchant and Zane Navratil,0,15
"PPA Championship - 150,000",Mens Doubles Pro,10/24/20,Riley Newman,Randall Emmett,Jason Garriotte,Chad Isaacs,Riley Newman and Randall Emmett,15,11
"PPA Championship - 150,000",Mens Doubles Pro,10/24/20,Riley Newman,Randall Emmett,Chuck Taylor,Spencer Smith,Chuck Taylor and Spencer Smith,4,15
"PPA Championship - 150,000",Mens Doubles Pro,10/24/20,Altaf Merchant,Zane Navratil,The Unicorn JeanBaptiste-Webster,Rob Cassidy,Altaf Merchant and Zane Navratil,15,7
"PPA Championship - 150,000",Mens Doubles Pro,10/24/20,Altaf Merchant,Zane Navratil,Erik Lange,Tyler Loong,Altaf Merchant and Zane Navratil,15,9
"PPA Championship - 150,000",Mens Doubles Pro,10/24/20,Brian Foley,Brendan McClain,Philip Lamoreaux,Austin Gridley,Philip Lamoreaux and Austin Gridley,5,15
"PPA Championship - 150,000",Mens Doubles Pro,10/24/20,Philip Lamoreaux,Austin Gridley,Proposal Dave Velardo,DJ Young,Proposal Dave Velardo and DJ Young,7,15
"PPA Championship - 150,000",Mens Doubles Pro,10/24/20,Proposal Dave Velardo,DJ Young,Ryan Sherry,Pickleball Mcnasty Manasse,Proposal Dave Velardo and DJ Young,15,3
"PPA Championship - 150,000",Mens Doubles Pro,10/24/20,Proposal Dave Velardo,DJ Young,The Unicorn JeanBaptiste-Webster,Rob Cassidy,The Unicorn JeanBaptiste-Webster and Rob Cassidy,14,16
"PPA Championship - 150,000",Mens Doubles Pro,10/24/20,Matt Staub,Randy Zbinden,Mark Windes,Sam Benham,Matt Staub and Randy Zbinden,15,13
"PPA Championship - 150,000",Mens Doubles Pro,10/24/20,Matt Staub,Randy Zbinden,Ryan Sherry,Pickleball Mcnasty Manasse,Ryan Sherry and Pickleball Mcnasty Manasse,9,15
"PPA Championship - 150,000",Mens Doubles Pro,10/24/20,Brian ONeal,Sea-Bird Ridky,Ryan Rupe,Trevor Rupe,Ryan Rupe and Trevor Rupe,5,15
"PPA Championship - 150,000",Mens Doubles Pro,10/24/20,Ryan Rupe,Trevor Rupe,Elias Lelli,Daniel De La Rosa,Elias Lelli and Daniel De La Rosa,8,15
"PPA Championship - 150,000",Mens Doubles Pro,10/24/20,Elias Lelli,Daniel De La Rosa,Raymond Chang,Jeff Lacy,Raymond Chang and Jeff Lacy,11,15
"PPA Championship - 150,000",Mens Doubles Pro,10/24/20,Raymond Chang,Jeff Lacy,Joey Farias,Rob Nunnery,Joey Farias and Rob Nunnery,11,15
"PPA Championship - 150,000",Mens Doubles Pro,10/24/20,Pesa Teoni,Nick Garza,Raymond Chang,Jeff Lacy,Raymond Chang and Jeff Lacy,5,15
"PPA Championship - 150,000",Mens Doubles Pro,10/24/20,Raymond Chang,Jeff Lacy,Kyle McKenzie,Alex Fox,Raymond Chang and Jeff Lacy,15,6
"PPA Championship - 150,000",Mens Doubles Pro,10/24/20,Joey Farias,Rob Nunnery,Ben Johns,Matt Wright,Ben Johns and Matt Wright,5,15
"PPA Championship - 150,000",Mens Doubles Pro,10/24/20,Mick Ray,Mike Ray,Hercilio Cabieses,Patricio Pereyra,Hercilio Cabieses and Patricio Pereyra,13,15
"PPA Championship - 150,000",Mens Doubles Pro,10/24/20,Ben Johns,Matt Wright,Matt Goebel,Collin Johns,Ben Johns and Matt Wright,15,2
"PPA Championship - 150,000",Mens Doubles Pro,10/24/20,Hercilio Cabieses,Patricio Pereyra,Hendry Winarto,Z Affleck,Hercilio Cabieses and Patricio Pereyra,15,13
"PPA Championship - 150,000",Mens Doubles Pro,10/24/20,Hercilio Cabieses,Patricio Pereyra,AJ Koller,Thomas Wilson,AJ Koller and Thomas Wilson,14,16
"PPA Championship - 150,000",Mens Doubles Pro,10/24/20,AJ Koller,Thomas Wilson,Ben Johns,Matt Wright,Ben Johns and Matt Wright,7,15
"PPA Championship - 150,000",Mens Doubles Pro,10/24/20,Hugh Zbinden,Derek Shearer,Julian Illingworth,Stefan Andren,Julian Illingworth and Stefan Andren,10,15
"PPA Championship - 150,000",Mens Doubles Pro,10/24/20,Dylan Helton,Reggie Renner,Julian Illingworth,Stefan Andren,Julian Illingworth and Stefan Andren,7,15
"PPA Championship - 150,000",Mens Doubles Pro,10/24/20,Julian Illingworth,Stefan Andren,AJ Koller,Thomas Wilson,AJ Koller and Thomas Wilson,9,15
"PPA Championship - 150,000",Mens Doubles Pro,10/24/20,Jeffrey Warnick,Callan Dawson,Adam Stone,Dekel Bar,Adam Stone and Dekel Bar,5,11,7,11
"PPA Championship - 150,000",Mens Doubles Pro,10/24/20,Adam Stone,Dekel Bar,Ben Johns,Matt Wright,Ben Johns and Matt Wright,6,11,2,11,2,15
"PPA Championship - 150,000",Mens Doubles Pro,10/24/20,Altaf Merchant,Zane Navratil,Ben Johns,Matt Wright,Ben Johns and Matt Wright,8,15
"PPA Championship - 150,000",Mens Doubles Pro,10/24/20,Ben Johns,Matt Wright,Jeffrey Warnick,Callan Dawson,Ben Johns and Matt Wright,11,4,11,9
"PPA Championship - 150,000",Womens Doubles Senior Pro,10/24/20,Kris Anderson,Lisa Naumu,Takako Tourangeau,Ayumi Otome,Kris Anderson and Lisa Naumu,11,7,11,9
"PPA Championship - 150,000",Womens Doubles Senior Pro,10/24/20,Takako Tourangeau,Ayumi Otome,Amy Yarbrough,Mary Kozak,Takako Tourangeau and Ayumi Otome,11,3,11,3
"PPA Championship - 150,000",Womens Doubles Senior Pro,10/24/20,Kris Anderson,Lisa Naumu,Linda Thompson,Leslie Bernard,Kris Anderson and Lisa Naumu,13,11,11,5
"PPA Championship - 150,000",Womens Doubles Senior Pro,10/24/20,Eva Welsher,Kim Jagd,Jean Halahan,Sherri Steinhauer,Eva Welsher and Kim Jagd,11,3,11,6
"PPA Championship - 150,000",Womens Doubles Senior Pro,10/24/20,Eva Welsher,Kim Jagd,Linda Thompson,Leslie Bernard,Linda Thompson and Leslie Bernard,5,11,4,11
"PPA Championship - 150,000",Womens Doubles Senior Pro,10/24/20,Linda Thompson,Leslie Bernard,Moira Roush,Julie Heitman,Linda Thompson and Leslie Bernard,11,4,12,10
"PPA Championship - 150,000",Womens Doubles Senior Pro,10/24/20,Kris Anderson,Lisa Naumu,Yvonne Ting,Mary Helen Atkins,Kris Anderson and Lisa Naumu,11,6,11,3
"PPA Championship - 150,000",Womens Doubles Senior Pro,10/24/20,Kris Anderson,Lisa Naumu,Yvonne Ting,Mary Helen Atkins,Kris Anderson and Lisa Naumu,6,11,11,4,11,4
"PPA Championship - 150,000",Womens Doubles Senior Pro,10/24/20,Cammy MacGregor,Jennifer Dawson,Pam Gilbert,Kathy Johanson,Cammy MacGregor and Jennifer Dawson,11,4,11,1
"PPA Championship - 150,000",Womens Doubles Senior Pro,10/24/20,Cammy MacGregor,Jennifer Dawson,Yvonne Ting,Mary Helen Atkins,Yvonne Ting and Mary Helen Atkins,11,7,8,11,8,11
"PPA Championship - 150,000",Womens Doubles Senior Pro,10/24/20,Yvonne Ting,Mary Helen Atkins,Stacie Barron,Patty Gallegos,Yvonne Ting and Mary Helen Atkins,11,4,7,11,13,11
"PPA Championship - 150,000",Womens Doubles Senior Pro,10/24/20,Yvonne Ting,Mary Helen Atkins,Helen Wilhelm,Tammy Patys,Yvonne Ting and Mary Helen Atkins,11,9,11,5
"PPA Championship - 150,000",Womens Doubles Senior Pro,10/24/20,Jennifer Lucore,Alex Hamner,Lila Rawlings,Laura Jaget,Jennifer Lucore and Alex Hamner,11,6,11,1
"PPA Championship - 150,000",Womens Doubles Senior Pro,10/24/20,Jennifer Lucore,Alex Hamner,Helen Wilhelm,Tammy Patys,Helen Wilhelm and Tammy Patys,6,11,7,11
"PPA Championship - 150,000",Womens Doubles Senior Pro,10/24/20,Takako Tourangeau,Ayumi Otome,Stacie Barron,Patty Gallegos,Takako Tourangeau and Ayumi Otome,16,14
"PPA Championship - 150,000",Womens Doubles Senior Pro,10/24/20,Pam Gilbert,Kathy Johanson,Stacie Barron,Patty Gallegos,Stacie Barron and Patty Gallegos,12,15
"PPA Championship - 150,000",Womens Doubles Senior Pro,10/24/20,Helen Wilhelm,Tammy Patys,Eva Welsher,Kim Jagd,Helen Wilhelm and Tammy Patys,15,5
"PPA Championship - 150,000",Womens Doubles Senior Pro,10/24/20,Takako Tourangeau,Ayumi Otome,Eva Welsher,Kim Jagd,Eva Welsher and Kim Jagd,11,15
"PPA Championship - 150,000",Womens Doubles Senior Pro,10/24/20,Lila Rawlings,Laura Jaget,Eva Welsher,Kim Jagd,Eva Welsher and Kim Jagd,7,15
"PPA Championship - 150,000",Womens Doubles Senior Pro,10/24/20,Yvonne Ting,Mary Helen Atkins,Helen Wilhelm,Tammy Patys,Yvonne Ting and Mary Helen Atkins,11,8,11,6
"PPA Championship - 150,000",Womens Doubles Senior Pro,10/24/20,Helen Wilhelm,Tammy Patys,Cammy MacGregor,Jennifer Dawson,Helen Wilhelm and Tammy Patys,21,19
"PPA Championship - 150,000",Womens Doubles Senior Pro,10/24/20,Amy Yarbrough,Mary Kozak,Cammy MacGregor,Jennifer Dawson,Cammy MacGregor and Jennifer Dawson,5,15
"PPA Championship - 150,000",Womens Doubles Senior Pro,10/24/20,Linda Thompson,Leslie Bernard,Cammy MacGregor,Jennifer Dawson,Cammy MacGregor and Jennifer Dawson,13,15
"PPA Championship - 150,000",Womens Doubles Senior Pro,10/24/20,Cammy MacGregor,Jennifer Dawson,Jennifer Lucore,Alex Hamner,Cammy MacGregor and Jennifer Dawson,15,7
"PPA Championship - 150,000",Womens Doubles Senior Pro,10/24/20,Jean Halahan,Sherri Steinhauer,Moira Roush,Julie Heitman,Moira Roush and Julie Heitman,3,15
"PPA Championship - 150,000",Womens Doubles Senior Pro,10/24/20,Moira Roush,Julie Heitman,Jennifer Lucore,Alex Hamner,Jennifer Lucore and Alex Hamner,10,15
"PPA Championship - 150,000",Mixed Doubles Senior Pro,10/26/20,Yvonne Ting,Scott Moore,Lila Rawlings,Ken Lehman,Yvonne Ting and Scott Moore,11,5,11,2
"PPA Championship - 150,000",Mixed Doubles Senior Pro,10/26/20,Amy Yarbrough,Todd Robertson,Lila Rawlings,Ken Lehman,Lila Rawlings and Ken Lehman,4,11,11,8,7,11
"PPA Championship - 150,000",Mixed Doubles Senior Pro,10/26/20,Yvonne Ting,Scott Moore,Takako Tourangeau,Scott Crandall,Takako Tourangeau and Scott Crandall,10,12,7,11
"PPA Championship - 150,000",Mixed Doubles Senior Pro,10/26/20,Jennifer Lucore,Thunder Lopez,Laura Jaget,T$ Tollenaar,Laura Jaget and T$ Tollenaar,7,11,4,11
"PPA Championship - 150,000",Mixed Doubles Senior Pro,10/26/20,Laura Jaget,T$ Tollenaar,Takako Tourangeau,Scott Crandall,Takako Tourangeau and Scott Crandall,6,11,8,11
"PPA Championship - 150,000",Mixed Doubles Senior Pro,10/26/20,Takako Tourangeau,Scott Crandall,Mary Helen Atkins,Joe Frasca,Takako Tourangeau and Scott Crandall,12,10,8,11,11,6
"PPA Championship - 150,000",Mixed Doubles Senior Pro,10/26/20,Takako Tourangeau,Scott Crandall,Cammy MacGregor,Mills Miller,Cammy MacGregor and Mills Miller,8,11,3,11
"PPA Championship - 150,000",Mixed Doubles Senior Pro,10/26/20,Helen Wilhelm,Dave Fleming,Stacie Barron,Steve Genzler,Helen Wilhelm and Dave Fleming,11,2,11,0
"PPA Championship - 150,000",Mixed Doubles Senior Pro,10/26/20,Helen Wilhelm,Dave Fleming,Linda Thompson,Bill Muno,Helen Wilhelm and Dave Fleming,11,8,11,2
"PPA Championship - 150,000",Mixed Doubles Senior Pro,10/26/20,Linda Thompson,Bill Muno,Moira Roush,Tienr-X Nguyen,Linda Thompson and Bill Muno,5,11,11,9,11,7
"PPA Championship - 150,000",Mixed Doubles Senior Pro,10/26/20,Helen Wilhelm,Dave Fleming,Cammy MacGregor,Mills Miller,Cammy MacGregor and Mills Miller,11,5,8,11,7,11
"PPA Championship - 150,000",Mixed Doubles Senior Pro,10/26/20,Kim Jagd,Brian Poynter,Jean Halahan,Scott Fliegelman,Kim Jagd and Brian Poynter,5,11,12,10,11,5
"PPA Championship - 150,000",Mixed Doubles Senior Pro,10/26/20,Kim Jagd,Brian Poynter,Cammy MacGregor,Mills Miller,Cammy MacGregor and Mills Miller,7,11,5,11
"PPA Championship - 150,000",Mixed Doubles Senior Pro,10/26/20,Cammy MacGregor,Mills Miller,Kris Anderson,Dave Weinbach,Kris Anderson and Dave Weinbach,3,11,8,11
"PPA Championship - 150,000",Mixed Doubles Senior Pro,10/26/20,Tammy Patys,Dayne Gingrich,Katherine Maruyama,Mike Derr,Tammy Patys and Dayne Gingrich,11,1,11,5
"PPA Championship - 150,000",Mixed Doubles Senior Pro,10/26/20,Tammy Patys,Dayne Gingrich,Alex Hamner,Kevin Booth,Alex Hamner and Kevin Booth,13,11,6,11,7,11
"PPA Championship - 150,000",Mixed Doubles Senior Pro,10/26/20,Alex Hamner,Kevin Booth,Sherri Steinhauer,Brent Waiwaiole,Alex Hamner and Kevin Booth,11,4,11,6
"PPA Championship - 150,000",Mixed Doubles Senior Pro,10/26/20,Alex Hamner,Kevin Booth,Eva Welsher,Mircea Morariu,Alex Hamner and Kevin Booth,12,10,2,11,11,3
"PPA Championship - 150,000",Mixed Doubles Senior Pro,10/26/20,Eva Welsher,Mircea Morariu,Julie Heitman,Brett Thomas,Eva Welsher and Mircea Morariu,11,3,11,2
"PPA Championship - 150,000",Mixed Doubles Senior Pro,10/26/20,Eva Welsher,Mircea Morariu,Pam Gilbert,Dan Granot,Eva Welsher and Mircea Morariu,10,12,11,4,11,4
"PPA Championship - 150,000",Mixed Doubles Senior Pro,10/26/20,Pam Gilbert,Dan Granot,Malia Pomee,Matt Dimock,Pam Gilbert and Dan Granot,11,8,11,4
"PPA Championship - 150,000",Mixed Doubles Senior Pro,10/26/20,Alex Hamner,Kevin Booth,Kris Anderson,Dave Weinbach,Kris Anderson and Dave Weinbach,7,11,2,11
"PPA Championship - 150,000",Mixed Doubles Senior Pro,10/26/20,Jennifer Dawson,Steve Dawson,Leslie Bernard,John Moorin,Jennifer Dawson and Steve Dawson,11,0,13,11
"PPA Championship - 150,000",Mixed Doubles Senior Pro,10/26/20,Jennifer Dawson,Steve Dawson,Lisa Naumu,Paul Olin,Jennifer Dawson and Steve Dawson,11,9,9,11,11,8
"PPA Championship - 150,000",Mixed Doubles Senior Pro,10/26/20,Lisa Naumu,Paul Olin,Mary Kozak,Jimmy Lowe,Lisa Naumu and Paul Olin,11,0,11,5
"PPA Championship - 150,000",Mixed Doubles Senior Pro,10/26/20,Jennifer Dawson,Steve Dawson,Kris Anderson,Dave Weinbach,Kris Anderson and Dave Weinbach,4,11,6,11
"PPA Championship - 150,000",Mixed Doubles Senior Pro,10/26/20,Patty Gallegos,Donnie Gallegos,Ayumi Otome,Steve Scurfield,Ayumi Otome and Steve Scurfield,4,11,4,11
"PPA Championship - 150,000",Mixed Doubles Senior Pro,10/26/20,Ayumi Otome,Steve Scurfield,Kris Anderson,Dave Weinbach,Kris Anderson and Dave Weinbach,5,11,6,11
"PPA Championship - 150,000",Mixed Doubles Senior Pro,10/26/20,Ayumi Otome,Steve Scurfield,Sherri Steinhauer,Brent Waiwaiole,Ayumi Otome and Steve Scurfield,15,8
"PPA Championship - 150,000",Mixed Doubles Senior Pro,10/26/20,Katherine Maruyama,Mike Derr,Sherri Steinhauer,Brent Waiwaiole,Sherri Steinhauer and Brent Waiwaiole,12,15
"PPA Championship - 150,000",Mixed Doubles Senior Pro,10/26/20,Yvonne Ting,Scott Moore,Ayumi Otome,Steve Scurfield,Yvonne Ting and Scott Moore,15,7
"PPA Championship - 150,000",Mixed Doubles Senior Pro,10/26/20,Ayumi Otome,Steve Scurfield,Lisa Naumu,Paul Olin,Ayumi Otome and Steve Scurfield,15,12
"PPA Championship - 150,000",Mixed Doubles Senior Pro,10/26/20,Julie Heitman,Brett Thomas,Malia Pomee,Matt Dimock,Malia Pomee and Matt Dimock,12,15
"PPA Championship - 150,000",Mixed Doubles Senior Pro,10/26/20,Malia Pomee,Matt Dimock,Lisa Naumu,Paul Olin,Lisa Naumu and Paul Olin,6,15
"PPA Championship - 150,000",Mixed Doubles Senior Pro,10/26/20,Alex Hamner,Kevin Booth,Tammy Patys,Dayne Gingrich,Alex Hamner and Kevin Booth,15,4
"PPA Championship - 150,000",Mixed Doubles Senior Pro,10/26/20,Yvonne Ting,Scott Moore,Tammy Patys,Dayne Gingrich,Tammy Patys and Dayne Gingrich,7,15
"PPA Championship - 150,000",Mixed Doubles Senior Pro,10/26/20,Pam Gilbert,Dan Granot,Leslie Bernard,John Moorin,Leslie Bernard and John Moorin,13,15
"PPA Championship - 150,000",Mixed Doubles Senior Pro,10/26/20,Leslie Bernard,John Moorin,Mary Kozak,Jimmy Lowe,Leslie Bernard and John Moorin,15,11
"PPA Championship - 150,000",Mixed Doubles Senior Pro,10/26/20,Helen Wilhelm,Dave Fleming,Tammy Patys,Dayne Gingrich,Tammy Patys and Dayne Gingrich,0,15
"PPA Championship - 150,000",Mixed Doubles Senior Pro,10/26/20,Leslie Bernard,John Moorin,Tammy Patys,Dayne Gingrich,Tammy Patys and Dayne Gingrich,4,15
"PPA Championship - 150,000",Mixed Doubles Senior Pro,10/26/20,Patty Gallegos,Donnie Gallegos,Tammy Patys,Dayne Gingrich,Tammy Patys and Dayne Gingrich,8,15
"PPA Championship - 150,000",Mixed Doubles Senior Pro,10/26/20,Cammy MacGregor,Mills Miller,Alex Hamner,Kevin Booth,Cammy MacGregor and Mills Miller,11,8,11,2
"PPA Championship - 150,000",Mixed Doubles Senior Pro,10/26/20,Alex Hamner,Kevin Booth,Eva Welsher,Mircea Morariu,Alex Hamner and Kevin Booth,15,13
"PPA Championship - 150,000",Mixed Doubles Senior Pro,10/26/20,Amy Yarbrough,Todd Robertson,Kim Jagd,Brian Poynter,Kim Jagd and Brian Poynter,7,15
"PPA Championship - 150,000",Mixed Doubles Senior Pro,10/26/20,Eva Welsher,Mircea Morariu,Kim Jagd,Brian Poynter,Eva Welsher and Mircea Morariu,15,7
"PPA Championship - 150,000",Mixed Doubles Senior Pro,10/26/20,Kim Jagd,Brian Poynter,Mary Helen Atkins,Joe Frasca,Kim Jagd and Brian Poynter,15,12
"PPA Championship - 150,000",Mixed Doubles Senior Pro,10/26/20,Jennifer Lucore,Thunder Lopez,Mary Helen Atkins,Joe Frasca,Mary Helen Atkins and Joe Frasca,14,16
"PPA Championship - 150,000",Mixed Doubles Senior Pro,10/26/20,Mary Helen Atkins,Joe Frasca,Linda Thompson,Bill Muno,Mary Helen Atkins and Joe Frasca,15,2
"PPA Championship - 150,000",Mixed Doubles Senior Pro,10/26/20,Takako Tourangeau,Scott Crandall,Eva Welsher,Mircea Morariu,Eva Welsher and Mircea Morariu,6,15
"PPA Championship - 150,000",Mixed Doubles Senior Pro,10/26/20,Eva Welsher,Mircea Morariu,Jennifer Dawson,Steve Dawson,Eva Welsher and Mircea Morariu,16,14
"PPA Championship - 150,000",Mixed Doubles Senior Pro,10/26/20,Laura Jaget,T$ Tollenaar,Moira Roush,Tienr-X Nguyen,Moira Roush and Tienr-X Nguyen,11,15
"PPA Championship - 150,000",Mixed Doubles Senior Pro,10/26/20,Stacie Barron,Steve Genzler,Moira Roush,Tienr-X Nguyen,Moira Roush and Tienr-X Nguyen,7,15
"PPA Championship - 150,000",Mixed Doubles Senior Pro,10/26/20,Jennifer Dawson,Steve Dawson,Moira Roush,Tienr-X Nguyen,Jennifer Dawson and Steve Dawson,15,6
"PPA Championship - 150,000",Mixed Doubles Senior Pro,10/26/20,Moira Roush,Tienr-X Nguyen,Jean Halahan,Scott Fliegelman,Moira Roush and Tienr-X Nguyen,15,1
"PPA Championship - 150,000",Mixed Doubles Senior Pro,10/26/20,Jean Halahan,Scott Fliegelman,Lila Rawlings,Ken Lehman,Jean Halahan and Scott Fliegelman,15,8
